date,water_level
9/1/2015,15.368
9/2/2015,15.478
9/3/2015,15.548
9/4/2015,15.738
9/5/2015,15.758
9/6/2015,15.588
9/7/2015,15.328
9/8/2015,15.098
9/9/2015,14.818
9/10/2015,14.458
9/11/2015,14.198
9/12/2015,14.118
9/13/2015,13.828
9/14/2015,13.428
9/15/2015,13.078
9/16/2015,13.748
9/17/2015,13.738
9/18/2015,13.228
9/19/2015,12.508
9/20/2015,12.078
9/21/2015,12.108
9/22/2015,11.908
9/23/2015,12.338
9/24/2015,12.608
9/25/2015,13.928
9/26/2015,14.538
9/27/2015,14.188
9/28/2015,13.488
9/29/2015,12.888
9/30/2015,12.288
10/1/2015,11.688
10/2/2015,11.248
10/3/2015,10.958
10/4/2015,10.698
10/5/2015,10.368
10/6/2015,10.198
10/7/2015,10.358
10/8/2015,11.078
10/9/2015,11.818
10/10/2015,12.108
10/11/2015,12.928
10/12/2015,12.838
10/13/2015,12.468
10/14/2015,12.088
10/15/2015,11.638
10/16/2015,11.108
10/17/2015,10.598
10/18/2015,10.178
10/19/2015,9.848
10/20/2015,9.508
10/21/2015,9.248
10/22/2015,9.018
10/23/2015,8.838
10/24/2015,8.668
10/25/2015,8.508
10/26/2015,8.378
10/27/2015,8.258
10/28/2015,8.138
10/29/2015,8.038
10/30/2015,7.948
10/31/2015,7.868
11/1/2015,7.828
11/2/2015,7.878
11/3/2015,7.898
11/4/2015,7.928
11/5/2015,7.838
11/6/2015,7.708
11/7/2015,7.638
11/8/2015,7.528
11/9/2015,7.468
11/10/2015,7.368
11/11/2015,7.328
11/12/2015,7.258
11/13/2015,7.208
11/14/2015,7.158
11/15/2015,7.128
11/16/2015,7.068
11/17/2015,7.018
11/18/2015,6.978
11/19/2015,6.948
11/20/2015,6.918
11/21/2015,6.898
11/22/2015,6.858
11/23/2015,6.818
11/24/2015,6.748
11/25/2015,6.728
11/26/2015,6.718
11/27/2015,6.688
11/28/2015,6.668
11/29/2015,6.648
11/30/2015,6.608
12/1/2015,6.568
12/2/2015,6.528
12/3/2015,6.498
12/4/2015,6.498
12/5/2015,6.488
12/6/2015,6.478
12/7/2015,6.468
12/8/2015,6.448
12/9/2015,6.428
12/10/2015,6.398
12/11/2015,6.378
12/12/2015,6.338
12/13/2015,6.328
12/14/2015,6.328
12/15/2015,6.298
12/16/2015,6.268
12/17/2015,6.268
12/18/2015,6.238
12/19/2015,6.218
12/20/2015,6.188
12/21/2015,6.158
12/22/2015,6.138
12/23/2015,6.128
12/24/2015,6.118
12/25/2015,6.108
12/26/2015,6.098
12/27/2015,6.078
12/28/2015,6.068
12/29/2015,6.058
12/30/2015,6.028
12/31/2015,6.008
1/1/2016,5.988
1/2/2016,5.978
1/3/2016,5.978
1/4/2016,5.968
1/5/2016,5.998
1/6/2016,6.028
1/7/2016,5.958
1/8/2016,5.948
1/9/2016,5.988
1/10/2016,6.038
1/11/2016,6.098
1/12/2016,6.148
1/13/2016,6.168
1/14/2016,6.168
1/15/2016,6.118
1/16/2016,6.048
1/17/2016,5.998
1/18/2016,5.948
1/19/2016,5.938
1/20/2016,5.918
1/21/2016,5.908
1/22/2016,5.908
1/23/2016,5.908
1/24/2016,5.898
1/25/2016,5.888
1/26/2016,5.878
1/27/2016,5.868
1/28/2016,5.858
1/29/2016,5.808
1/30/2016,5.778
1/31/2016,5.748
2/1/2016,5.728
2/2/2016,5.718
2/3/2016,5.718
2/4/2016,5.708
2/5/2016,5.698
2/6/2016,5.688
2/7/2016,5.658
2/8/2016,5.648
2/9/2016,5.638
2/10/2016,5.628
2/11/2016,5.618
2/12/2016,5.708
2/13/2016,5.678
2/14/2016,5.678
2/15/2016,5.678
2/16/2016,5.678
2/17/2016,5.618
2/18/2016,5.588
2/19/2016,5.528
2/20/2016,5.488
2/21/2016,5.458
2/22/2016,5.488
2/23/2016,5.488
2/24/2016,5.608
2/25/2016,5.708
2/26/2016,6.008
2/27/2016,6.358
2/28/2016,6.298
2/29/2016,6.118
3/1/2016,5.908
3/2/2016,5.738
3/3/2016,5.628
3/4/2016,5.538
3/5/2016,5.518
3/6/2016,5.488
3/7/2016,5.568
3/8/2016,5.658
3/9/2016,5.598
3/10/2016,5.548
3/11/2016,5.518
3/12/2016,5.528
3/13/2016,5.568
3/14/2016,5.578
3/15/2016,5.558
3/16/2016,5.518
3/17/2016,5.458
3/18/2016,5.408
3/19/2016,5.388
3/20/2016,5.388
3/21/2016,5.458
3/22/2016,5.578
3/23/2016,5.648
3/24/2016,5.688
3/25/2016,5.698
3/26/2016,5.678
3/27/2016,5.648
3/28/2016,5.608
3/29/2016,5.558
3/30/2016,5.648
3/31/2016,6.048
4/1/2016,6.168
4/2/2016,6.148
4/3/2016,6.488
4/4/2016,6.648
4/5/2016,7.518
4/6/2016,8.858
4/7/2016,9.848
4/8/2016,9.678
4/9/2016,9.418
4/10/2016,9.008
4/11/2016,8.518
4/12/2016,8.098
4/13/2016,7.788
4/14/2016,7.948
4/15/2016,7.988
4/16/2016,8.598
4/17/2016,10.168
4/18/2016,10.658
4/19/2016,10.628
4/20/2016,11.878
4/21/2016,11.478
4/22/2016,11.568
4/23/2016,11.918
4/24/2016,14.548
4/25/2016,15.368
4/26/2016,15.608
4/27/2016,14.818
4/28/2016,14.048
4/29/2016,13.478
4/30/2016,12.958
5/1/2016,12.398
5/2/2016,11.968
5/3/2016,11.588
5/4/2016,11.538
5/5/2016,11.568
5/6/2016,11.438
5/7/2016,11.068
5/8/2016,10.468
5/9/2016,9.908
5/10/2016,9.398
5/11/2016,8.968
5/12/2016,8.638
5/13/2016,8.368
5/14/2016,8.408
5/15/2016,8.788
5/16/2016,10.878
5/17/2016,13.228
5/18/2016,14.948
5/19/2016,16.268
5/20/2016,16.568
5/21/2016,16.038
5/22/2016,15.418
5/23/2016,15.748
5/24/2016,16.158
5/25/2016,15.838
5/26/2016,15.378
5/27/2016,14.978
5/28/2016,14.668
5/29/2016,14.408
5/30/2016,14.158
5/31/2016,13.798
6/1/2016,13.508
6/2/2016,13.128
6/3/2016,12.578
6/4/2016,12.038
6/5/2016,11.568
6/6/2016,11.568
6/7/2016,12.268
6/8/2016,12.918
6/9/2016,13.338
6/10/2016,13.358
6/11/2016,13.238
6/12/2016,13.638
6/13/2016,13.578
6/14/2016,13.468
6/15/2016,13.308
6/16/2016,13.388
6/17/2016,13.258
6/18/2016,13.738
6/19/2016,14.098
6/20/2016,14.218
6/21/2016,14.018
6/22/2016,13.828
6/23/2016,13.898
6/24/2016,14.148
6/25/2016,14.118
6/26/2016,13.878
6/27/2016,13.588
6/28/2016,13.568
6/29/2016,13.638
6/30/2016,13.588
7/1/2016,13.988
7/2/2016,14.518
7/3/2016,14.648
7/4/2016,15.088
7/5/2016,15.098
7/6/2016,14.988
7/7/2016,14.868
7/8/2016,14.708
7/9/2016,14.418
7/10/2016,14.288
7/11/2016,14.428
7/12/2016,14.308
7/13/2016,14.128
7/14/2016,13.858
7/15/2016,13.518
7/16/2016,13.398
7/17/2016,13.978
7/18/2016,14.248
7/19/2016,14.398
7/20/2016,14.418
7/21/2016,14.398
7/22/2016,14.208
7/23/2016,14.088
7/24/2016,14.248
7/25/2016,14.338
7/26/2016,14.428
7/27/2016,14.468
7/28/2016,14.718
7/29/2016,14.628
7/30/2016,14.628
7/31/2016,14.478
8/1/2016,14.208
8/2/2016,13.788
8/3/2016,13.268
8/4/2016,12.728
8/5/2016,12.388
8/6/2016,12.178
8/7/2016,12.148
8/8/2016,11.888
8/9/2016,12.668
8/10/2016,12.938
8/11/2016,12.678
8/12/2016,12.208
8/13/2016,11.758
8/14/2016,11.968
8/15/2016,12.678
8/16/2016,13.488
8/17/2016,13.308
8/18/2016,12.778
8/19/2016,12.338
8/20/2016,11.828
8/21/2016,11.258
8/22/2016,10.918
8/23/2016,11.218
8/24/2016,11.448
8/25/2016,11.088
8/26/2016,10.698
8/27/2016,10.918
8/28/2016,11.218
8/29/2016,10.958
8/30/2016,11.138
8/31/2016,12.448
9/1/2016,15.068
9/2/2016,15.988
9/3/2016,15.978
9/4/2016,15.428
9/5/2016,15.138
9/6/2016,15.218
9/7/2016,15.568
9/8/2016,15.648
9/9/2016,15.628
9/10/2016,15.348
9/11/2016,15.008
9/12/2016,14.708
9/13/2016,14.428
9/14/2016,14.418
9/15/2016,15.018
9/16/2016,14.848
9/17/2016,14.308
9/18/2016,14.218
9/19/2016,14.448
9/20/2016,14.208
9/21/2016,14.128
9/22/2016,14.188
9/23/2016,14.288
9/24/2016,14.308
9/25/2016,14.228
9/26/2016,14.458
9/27/2016,14.308
9/28/2016,14.198
9/29/2016,14.018
9/30/2016,14.198
10/1/2016,13.938
10/2/2016,13.688
10/3/2016,13.528
10/4/2016,13.088
10/5/2016,12.498
10/6/2016,12.068
10/7/2016,11.708
10/8/2016,11.518
10/9/2016,11.508
10/10/2016,12.368
10/11/2016,12.628
10/12/2016,12.578
10/13/2016,12.308
10/14/2016,12.108
10/15/2016,11.948
10/16/2016,11.698
10/17/2016,11.268
10/18/2016,10.858
10/19/2016,10.428
10/20/2016,10.048
10/21/2016,9.728
10/22/2016,9.488
10/23/2016,9.258
10/24/2016,9.048
10/25/2016,8.868
10/26/2016,8.738
10/27/2016,8.678
10/28/2016,8.898
10/29/2016,9.258
10/30/2016,9.648
10/31/2016,10.348
11/1/2016,10.358
11/2/2016,10.038
11/3/2016,9.588
11/4/2016,9.148
11/5/2016,8.998
11/6/2016,9.278
11/7/2016,10.528
11/8/2016,12.128
11/9/2016,12.078
11/10/2016,12.068
11/11/2016,11.628
11/12/2016,11.018
11/13/2016,10.438
11/14/2016,9.958
11/15/2016,9.578
11/16/2016,9.228
11/17/2016,8.998
11/18/2016,8.748
11/19/2016,8.538
11/20/2016,8.368
11/21/2016,8.248
11/22/2016,8.128
11/23/2016,8.018
11/24/2016,7.928
11/25/2016,7.858
11/26/2016,7.778
11/27/2016,7.688
11/28/2016,7.608
11/29/2016,7.578
11/30/2016,7.508
12/1/2016,7.428
12/2/2016,7.388
12/3/2016,7.328
12/4/2016,7.278
12/5/2016,7.228
12/6/2016,7.188
12/7/2016,7.148
12/8/2016,7.098
12/9/2016,7.058
12/10/2016,7.018
12/11/2016,6.978
12/12/2016,6.958
12/13/2016,6.948
12/14/2016,6.938
12/15/2016,6.888
12/16/2016,6.858
12/17/2016,6.848
12/18/2016,6.848
12/19/2016,6.818
12/20/2016,6.788
12/21/2016,6.768
12/22/2016,6.748
12/23/2016,6.768
12/24/2016,6.818
12/25/2016,6.778
12/26/2016,6.728
12/27/2016,6.668
12/28/2016,6.648
12/29/2016,6.658
12/30/2016,6.678
12/31/2016,6.658
1/1/2017,6.608
1/2/2017,6.538
1/3/2017,6.488
1/4/2017,6.508
1/5/2017,6.538
1/6/2017,6.528
1/7/2017,6.508
1/8/2017,6.488
1/9/2017,6.428
1/10/2017,6.278
1/11/2017,6.228
1/12/2017,6.208
1/13/2017,6.198
1/14/2017,6.248
1/15/2017,6.358
1/16/2017,6.368
1/17/2017,6.368
1/18/2017,6.368
1/19/2017,6.328
1/20/2017,6.378
1/21/2017,6.268
1/22/2017,6.188
1/23/2017,6.178
1/24/2017,6.158
1/25/2017,6.148
1/26/2017,6.128
1/27/2017,6.118
1/28/2017,6.098
1/29/2017,6.058
1/30/2017,6.018
1/31/2017,6.018
2/1/2017,6.048
2/2/2017,6.048
2/3/2017,6.098
2/4/2017,6.148
2/5/2017,6.068
2/6/2017,5.938
2/7/2017,5.898
2/8/2017,5.868
2/9/2017,5.818
2/10/2017,5.778
2/11/2017,5.778
2/12/2017,5.768
2/13/2017,5.738
2/14/2017,5.728
2/15/2017,5.768
2/16/2017,5.708
2/17/2017,5.688
2/18/2017,5.678
2/19/2017,5.658
2/20/2017,5.688
2/21/2017,5.718
2/22/2017,5.898
2/23/2017,6.148
2/24/2017,6.358
2/25/2017,6.178
2/26/2017,6.108
2/27/2017,6.138
2/28/2017,6.138
3/1/2017,6.038
3/2/2017,5.928
3/3/2017,5.828
3/4/2017,5.788
3/5/2017,5.718
3/6/2017,5.698
3/7/2017,5.708
3/8/2017,5.738
3/9/2017,5.688
3/10/2017,5.638
3/11/2017,5.718
3/12/2017,5.928
3/13/2017,6.358
3/14/2017,6.728
3/15/2017,6.818
3/16/2017,6.618
3/17/2017,6.398
3/18/2017,6.208
3/19/2017,6.098
3/20/2017,6.038
3/21/2017,5.918
3/22/2017,5.908
3/23/2017,5.968
3/24/2017,5.958
3/25/2017,5.938
3/26/2017,5.858
3/27/2017,5.878
3/28/2017,5.958
3/29/2017,5.968
3/30/2017,7.338
3/31/2017,11.378
4/1/2017,13.998
4/2/2017,14.838
4/3/2017,14.768
4/4/2017,15.058
4/5/2017,15.078
4/6/2017,14.858
4/7/2017,14.388
4/8/2017,13.858
4/9/2017,13.288
4/10/2017,12.738
4/11/2017,12.318
4/12/2017,11.788
4/13/2017,11.238
4/14/2017,10.688
4/15/2017,10.138
4/16/2017,9.758
4/17/2017,9.448
4/18/2017,9.178
4/19/2017,8.938
4/20/2017,9.078
4/21/2017,9.328
4/22/2017,10.128
4/23/2017,10.478
4/24/2017,10.838
4/25/2017,11.428
4/26/2017,12.998
4/27/2017,14.158
4/28/2017,14.138
4/29/2017,13.808
4/30/2017,13.298
5/1/2017,12.718
5/2/2017,12.118
5/3/2017,11.788
5/4/2017,11.608
5/5/2017,11.178
5/6/2017,10.628
5/7/2017,10.158
5/8/2017,9.858
5/9/2017,9.478
5/10/2017,9.168
5/11/2017,8.928
5/12/2017,8.708
5/13/2017,8.468
5/14/2017,8.278
5/15/2017,8.398
5/16/2017,9.708
5/17/2017,10.098
5/18/2017,9.908
5/19/2017,10.018
5/20/2017,10.468
5/21/2017,10.588
5/22/2017,10.948
5/23/2017,11.378
5/24/2017,11.098
5/25/2017,10.938
5/26/2017,10.678
5/27/2017,10.498
5/28/2017,10.218
5/29/2017,9.848
5/30/2017,9.548
5/31/2017,10.498
6/1/2017,11.998
6/2/2017,14.208
6/3/2017,15.038
6/4/2017,15.428
6/5/2017,15.948
6/6/2017,15.878
6/7/2017,15.128
6/8/2017,14.338
6/9/2017,13.728
6/10/2017,13.268
6/11/2017,13.108
6/12/2017,13.568
6/13/2017,13.318
6/14/2017,14.448
6/15/2017,14.978
6/16/2017,14.988
6/17/2017,14.368
6/18/2017,14.248
6/19/2017,14.578
6/20/2017,14.898
6/21/2017,14.758
6/22/2017,14.478
6/23/2017,14.328
6/24/2017,14.488
6/25/2017,15.308
6/26/2017,15.568
6/27/2017,16.028
6/28/2017,16.408
6/29/2017,16.298
6/30/2017,15.968
7/1/2017,15.688
7/2/2017,15.748
7/3/2017,15.858
7/4/2017,15.748
7/5/2017,15.698
7/6/2017,15.558
7/7/2017,15.528
7/8/2017,15.538
7/9/2017,15.698
7/10/2017,15.718
7/11/2017,15.548
7/12/2017,15.348
7/13/2017,15.318
7/14/2017,15.608
7/15/2017,15.678
7/16/2017,16.128
7/17/2017,16.218
7/18/2017,15.778
7/19/2017,15.268
7/20/2017,15.108
7/21/2017,14.798
7/22/2017,14.578
7/23/2017,14.448
7/24/2017,14.338
7/25/2017,14.098
7/26/2017,13.838
7/27/2017,13.628
7/28/2017,13.528
7/29/2017,13.378
7/30/2017,13.398
7/31/2017,13.798
8/1/2017,14.258
8/2/2017,14.548
8/3/2017,14.478
8/4/2017,14.598
8/5/2017,14.688
8/6/2017,14.878
8/7/2017,14.988
8/8/2017,15.248
8/9/2017,15.028
8/10/2017,14.738
8/11/2017,14.648
8/12/2017,14.858
8/13/2017,15.628
8/14/2017,15.738
8/15/2017,15.648
8/16/2017,15.658
8/17/2017,15.478
8/18/2017,15.258
8/19/2017,15.308
8/20/2017,15.248
8/21/2017,15.098
8/22/2017,15.008
8/23/2017,15.128
8/24/2017,14.888
8/25/2017,15.008
8/26/2017,15.368
8/27/2017,15.578
8/28/2017,15.928
8/29/2017,15.738
8/30/2017,15.608
8/31/2017,15.438
9/1/2017,15.318
9/2/2017,15.488
9/3/2017,15.588
9/4/2017,15.598
9/5/2017,15.578
9/6/2017,15.468
9/7/2017,15.208
9/8/2017,15.038
9/9/2017,14.898
9/10/2017,14.908
9/11/2017,14.978
9/12/2017,15.008
9/13/2017,14.938
9/14/2017,15.208
9/15/2017,15.228
9/16/2017,15.048
9/17/2017,14.738
9/18/2017,14.348
9/19/2017,14.088
9/20/2017,13.918
9/21/2017,13.868
9/22/2017,13.778
9/23/2017,13.908
9/24/2017,13.648
9/25/2017,13.088
9/26/2017,12.508
9/27/2017,12.068
9/28/2017,11.958
9/29/2017,12.138
9/30/2017,12.758
10/1/2017,13.198
10/2/2017,13.808
10/3/2017,13.608
10/4/2017,13.278
10/5/2017,13.088
10/6/2017,12.668
10/7/2017,12.318
10/8/2017,11.938
10/9/2017,12.448
10/10/2017,12.528
10/11/2017,12.168
10/12/2017,11.888
10/13/2017,11.808
10/14/2017,12.908
10/15/2017,13.528
10/16/2017,12.948
10/17/2017,12.318
10/18/2017,11.598
10/19/2017,11.048
10/20/2017,11.308
10/21/2017,12.008
10/22/2017,13.068
10/23/2017,14.328
10/24/2017,14.728
10/25/2017,14.288
10/26/2017,13.658
10/27/2017,13.098
10/28/2017,12.478
10/29/2017,11.898
10/30/2017,11.518
10/31/2017,12.508
11/1/2017,13.968
11/2/2017,13.828
11/3/2017,13.238
11/4/2017,12.568
11/5/2017,11.938
11/6/2017,11.298
11/7/2017,10.738
11/8/2017,10.298
11/9/2017,9.958
11/10/2017,9.548
11/11/2017,9.368
11/12/2017,9.178
11/13/2017,8.998
11/14/2017,8.928
11/15/2017,8.828
11/16/2017,8.748
11/17/2017,8.668
11/18/2017,8.588
11/19/2017,8.558
11/20/2017,8.628
11/21/2017,8.578
11/22/2017,8.468
11/23/2017,8.368
11/24/2017,8.278
11/25/2017,8.168
11/26/2017,8.108
11/27/2017,8.008
11/28/2017,7.908
11/29/2017,7.728
11/30/2017,7.648
12/1/2017,7.568
12/2/2017,7.518
12/3/2017,7.458
12/4/2017,7.418
12/5/2017,7.368
12/6/2017,7.318
12/7/2017,7.268
12/8/2017,7.238
12/9/2017,7.188
12/10/2017,7.348
12/11/2017,8.398
12/12/2017,9.588
12/13/2017,9.938
12/14/2017,9.888
12/15/2017,9.618
12/16/2017,9.138
12/17/2017,8.748
12/18/2017,8.458
12/19/2017,8.218
12/20/2017,8.018
12/21/2017,7.878
12/22/2017,7.758
12/23/2017,7.698
12/24/2017,7.648
12/25/2017,7.608
12/26/2017,7.568
12/27/2017,7.538
12/28/2017,7.508
12/29/2017,7.468
12/30/2017,7.428
12/31/2017,7.388
1/1/2018,7.368
1/2/2018,7.348
1/3/2018,7.338
1/4/2018,7.338
1/5/2018,7.388
1/6/2018,7.378
1/7/2018,7.338
1/8/2018,7.288
1/9/2018,7.238
1/10/2018,7.188
1/11/2018,7.168
1/12/2018,7.168
1/13/2018,7.158
1/14/2018,7.128
1/15/2018,7.098
1/16/2018,7.078
1/17/2018,7.038
1/18/2018,7.028
1/19/2018,6.978
1/20/2018,6.888
1/21/2018,6.878
1/22/2018,6.878
1/23/2018,6.878
1/24/2018,6.878
1/25/2018,6.808
1/26/2018,6.828
1/27/2018,6.948
1/28/2018,7.088
1/29/2018,7.148
1/30/2018,7.108
1/31/2018,7.078
2/1/2018,7.028
2/2/2018,6.978
2/3/2018,6.958
2/4/2018,6.868
2/5/2018,6.658
2/6/2018,6.768
2/7/2018,6.838
2/8/2018,6.858
2/9/2018,6.828
2/10/2018,6.818
2/11/2018,6.898
2/12/2018,6.958
2/13/2018,6.948
2/14/2018,6.898
2/15/2018,6.848
2/16/2018,6.728
2/17/2018,6.538
2/18/2018,6.698
2/19/2018,6.768
2/20/2018,6.858
2/21/2018,6.808
2/22/2018,6.828
2/23/2018,6.618
2/24/2018,6.158
2/25/2018,5.898
2/26/2018,5.858
2/27/2018,5.858
2/28/2018,5.918
3/1/2018,5.908
3/2/2018,5.958
3/3/2018,5.978
3/4/2018,6.028
3/5/2018,5.978
3/6/2018,5.938
3/7/2018,5.888
3/8/2018,5.838
3/9/2018,5.828
3/10/2018,5.748
3/11/2018,5.728
3/12/2018,5.688
3/13/2018,6.048
3/14/2018,6.468
3/15/2018,6.538
3/16/2018,6.618
3/17/2018,6.778
3/18/2018,6.958
3/19/2018,6.908
3/20/2018,6.838
3/21/2018,6.718
3/22/2018,6.588
3/23/2018,6.468
3/24/2018,6.468
3/25/2018,6.228
3/26/2018,5.988
3/27/2018,5.858
3/28/2018,5.818
3/29/2018,6.048
3/30/2018,6.038
3/31/2018,6.198
4/1/2018,6.238
4/2/2018,6.218
4/3/2018,6.318
4/4/2018,6.358
4/5/2018,6.308
4/6/2018,6.078
4/7/2018,5.878
4/8/2018,5.788
4/9/2018,5.758
4/10/2018,5.878
4/11/2018,6.338
4/12/2018,6.648
4/13/2018,6.888
4/14/2018,6.968
4/15/2018,7.018
4/16/2018,6.968
4/17/2018,6.728
4/18/2018,6.608
4/19/2018,6.538
4/20/2018,6.618
4/21/2018,6.948
4/22/2018,8.148
4/23/2018,8.818
4/24/2018,8.888
4/25/2018,8.558
4/26/2018,8.028
4/27/2018,7.638
4/28/2018,7.268
4/29/2018,7.058
4/30/2018,6.968
5/1/2018,7.208
5/2/2018,7.518
5/3/2018,7.578
5/4/2018,7.648
5/5/2018,7.768
5/6/2018,10.488
5/7/2018,13.288
5/8/2018,13.458
5/9/2018,13.168
5/10/2018,14.028
5/11/2018,14.088
5/12/2018,14.048
5/13/2018,13.608
5/14/2018,12.968
5/15/2018,12.308
5/16/2018,11.78
5/17/2018,11.33
5/18/2018,10.91
5/19/2018,10.51
5/20/2018,10.14
5/21/2018,9.89
5/22/2018,9.79
5/23/2018,9.74
5/24/2018,9.62
5/25/2018,9.51
5/26/2018,10.55
5/27/2018,11.6
5/28/2018,11.63
5/29/2018,11.16
5/30/2018,10.76
5/31/2018,10.49
6/1/2018,10.17
6/2/2018,10.0
6/3/2018,10.2
6/4/2018,10.36
6/5/2018,10.37
6/6/2018,10.7
6/7/2018,11.89
6/8/2018,11.78
6/9/2018,11.28
6/10/2018,11.54
6/11/2018,10.96
6/12/2018,10.55
6/13/2018,15.18
6/14/2018,16.56
6/15/2018,16.78
6/16/2018,16.92
6/17/2018,16.93
6/18/2018,16.69
6/19/2018,16.36
6/20/2018,15.94
6/21/2018,15.51
6/22/2018,15.13
6/23/2018,15.01
6/24/2018,15.14
6/25/2018,15.02
6/26/2018,14.85
6/27/2018,14.75
6/28/2018,14.72
6/29/2018,14.77
6/30/2018,14.77
7/1/2018,14.6
7/2/2018,14.34
7/3/2018,14.26
7/4/2018,14.76
7/5/2018,15.01
7/6/2018,14.96
7/7/2018,14.74
7/8/2018,14.44
7/9/2018,14.52
7/10/2018,14.63
7/11/2018,14.37
7/12/2018,14.35
7/13/2018,14.74
7/14/2018,14.4
7/15/2018,14.05
7/16/2018,13.69
7/17/2018,13.47
7/18/2018,13.1
7/19/2018,12.77
7/20/2018,12.33
7/21/2018,11.9
7/22/2018,11.63
7/23/2018,11.54
7/24/2018,11.52
7/25/2018,11.92
7/26/2018,12.52
7/27/2018,13.42
7/28/2018,13.99
7/29/2018,13.89
7/30/2018,14.11
7/31/2018,14.29
8/1/2018,14.61
8/2/2018,14.82
8/3/2018,14.74
8/4/2018,14.56
8/5/2018,14.27
8/6/2018,14.12
8/7/2018,14.16
8/8/2018,13.87
8/9/2018,13.54
8/10/2018,13.64
8/11/2018,13.93
8/12/2018,13.71
8/13/2018,13.83
8/14/2018,14.39
8/15/2018,14.62
8/16/2018,14.33
8/17/2018,14.15
8/18/2018,14.13
8/19/2018,13.65
8/20/2018,12.97
8/21/2018,12.37
8/22/2018,12.28
8/23/2018,12.28
8/24/2018,12.16
8/25/2018,12.77
8/26/2018,13.17
8/27/2018,13.86
8/28/2018,13.97
8/29/2018,13.95
8/30/2018,13.73
8/31/2018,13.73
9/1/2018,14.02
9/2/2018,14.41
9/3/2018,14.43
9/4/2018,14.27
9/5/2018,14.27
9/6/2018,14.07
9/7/2018,13.87
9/8/2018,13.4
9/9/2018,12.9
9/10/2018,12.6
9/11/2018,12.4
9/12/2018,12.3
9/13/2018,13.29
9/14/2018,12.79
9/15/2018,12.27
9/16/2018,11.7
9/17/2018,11.19
9/18/2018,10.9
9/19/2018,10.67
9/20/2018,10.57
9/21/2018,10.27
9/22/2018,9.98
9/23/2018,10.79
9/24/2018,10.67
9/25/2018,10.49
9/26/2018,10.48
9/27/2018,10.18
9/28/2018,9.96
9/29/2018,9.77
9/30/2018,9.5
10/1/2018,9.22
10/2/2018,8.99
10/3/2018,8.78
10/4/2018,8.67
10/5/2018,8.57
10/6/2018,8.49
10/7/2018,8.42
10/8/2018,8.35
10/9/2018,8.32
10/10/2018,8.23
10/11/2018,8.31
10/12/2018,8.58
10/13/2018,8.95
10/14/2018,9.36
10/15/2018,10.48
10/16/2018,11.37
10/17/2018,11.42
10/18/2018,10.81
10/19/2018,10.14
10/20/2018,9.61
10/21/2018,9.2
10/22/2018,8.9
10/23/2018,8.67
10/24/2018,8.5
10/25/2018,8.34
10/26/2018,8.21
10/27/2018,8.14
10/28/2018,8.05
10/29/2018,8.65
10/30/2018,9.1
10/31/2018,8.92
11/1/2018,8.61
11/2/2018,8.36
11/3/2018,8.14
11/4/2018,7.99
11/5/2018,7.95
11/6/2018,8.13
11/7/2018,8.17
11/8/2018,7.95
11/9/2018,7.6
11/10/2018,7.37
11/11/2018,7.24
11/12/2018,7.35
11/13/2018,7.43
11/14/2018,7.38
11/15/2018,7.35
11/16/2018,7.34
11/17/2018,7.31
11/18/2018,7.29
11/19/2018,7.28
11/20/2018,7.28
11/21/2018,7.26
11/22/2018,7.25
11/23/2018,7.23
11/24/2018,7.26
11/25/2018,7.25
11/26/2018,7.22
11/27/2018,7.21
11/28/2018,7.18
11/29/2018,7.16
11/30/2018,7.0
12/1/2018,6.94
12/2/2018,6.92
12/3/2018,6.91
12/4/2018,6.91
12/5/2018,6.91
12/6/2018,6.84
12/7/2018,6.78
12/8/2018,6.8
12/9/2018,6.84
12/10/2018,6.84
12/11/2018,6.82
12/12/2018,6.8
12/13/2018,6.76
12/14/2018,6.73
12/15/2018,6.72
12/16/2018,6.67
12/17/2018,6.65
12/18/2018,6.7
12/19/2018,6.77
12/20/2018,7.03
12/21/2018,7.11
12/22/2018,7.2
12/23/2018,7.26
12/24/2018,7.11
12/25/2018,6.97
12/26/2018,6.84
12/27/2018,6.77
12/28/2018,6.69
12/29/2018,6.65
12/30/2018,6.6
12/31/2018,6.58
1/1/2019,6.57
1/2/2019,6.54
1/3/2019,6.51
1/4/2019,6.5
1/5/2019,6.49
1/6/2019,6.47
1/7/2019,6.46
1/8/2019,6.36
1/9/2019,6.2
1/10/2019,6.15
1/11/2019,6.14
1/12/2019,6.18
1/13/2019,6.17
1/14/2019,6.14
1/15/2019,6.11
1/16/2019,6.13
1/17/2019,6.09
1/18/2019,6.04
1/19/2019,6.06
1/20/2019,6.1
1/21/2019,6.11
1/22/2019,6.1
1/23/2019,6.06
1/24/2019,6.05
1/25/2019,6.0
1/26/2019,5.97
1/27/2019,5.99
1/28/2019,5.97
1/29/2019,5.97
1/30/2019,5.99
1/31/2019,5.94
2/1/2019,5.88
2/2/2019,5.86
2/3/2019,5.86
2/4/2019,5.82
2/5/2019,5.77
2/6/2019,5.72
2/7/2019,5.7
2/8/2019,5.71
2/9/2019,5.7
2/10/2019,5.7
2/11/2019,5.68
2/12/2019,5.64
2/13/2019,5.66
2/14/2019,5.68
2/15/2019,5.72
2/16/2019,5.76
2/17/2019,5.75
2/18/2019,5.74
2/19/2019,5.75
2/20/2019,5.75
2/21/2019,5.76
2/22/2019,5.78
2/23/2019,5.78
2/24/2019,5.8
2/25/2019,5.8
2/26/2019,5.73
2/27/2019,5.72
2/28/2019,5.71
3/1/2019,5.75
3/2/2019,5.88
3/3/2019,5.92
3/4/2019,6.0
3/5/2019,5.98
3/6/2019,6.0
3/7/2019,6.02
3/8/2019,6.0
3/9/2019,6.0
3/10/2019,5.95
3/11/2019,5.92
3/12/2019,5.89
3/13/2019,5.85
3/14/2019,5.81
3/15/2019,5.74
3/16/2019,5.68
3/17/2019,5.63
3/18/2019,5.55
3/19/2019,5.51
3/20/2019,5.5
3/21/2019,5.52
3/22/2019,5.59
3/23/2019,5.74
3/24/2019,5.89
3/25/2019,5.84
3/26/2019,5.89
3/27/2019,5.89
3/28/2019,5.86
3/29/2019,5.79
3/30/2019,5.65
3/31/2019,5.62
4/1/2019,5.58
4/2/2019,5.64
4/3/2019,5.75
4/4/2019,6.0
4/5/2019,6.38
4/6/2019,6.64
4/7/2019,6.66
4/8/2019,6.46
4/9/2019,6.28
4/10/2019,6.38
4/11/2019,6.62
4/12/2019,6.63
4/13/2019,6.56
4/14/2019,6.52
4/15/2019,6.38
4/16/2019,6.24
4/17/2019,6.24
4/18/2019,6.23
4/19/2019,6.32
4/20/2019,6.35
4/21/2019,6.35
4/22/2019,6.33
4/23/2019,6.29
4/24/2019,6.27
4/25/2019,6.23
4/26/2019,6.22
4/27/2019,6.2
4/28/2019,6.21
4/29/2019,6.2
4/30/2019,6.85
5/1/2019,7.4
5/2/2019,9.89
5/3/2019,9.06
5/4/2019,8.42
5/5/2019,9.2
5/6/2019,9.85
5/7/2019,9.71
5/8/2019,9.58
5/9/2019,9.16
5/10/2019,8.59
5/11/2019,8.3
5/12/2019,7.82
5/13/2019,7.49
5/14/2019,7.31
5/15/2019,7.21
5/16/2019,7.35
5/17/2019,7.87
5/18/2019,8.96
5/19/2019,9.22
5/20/2019,9.1
5/21/2019,8.7
5/22/2019,8.42
5/23/2019,8.5
5/24/2019,9.09
5/25/2019,10.33
5/26/2019,10.9
5/27/2019,10.43
5/28/2019,10.0
5/29/2019,9.51
5/30/2019,9.13
5/31/2019,8.83
6/1/2019,8.87
6/2/2019,8.96
6/3/2019,9.01
6/4/2019,8.79
6/5/2019,8.62
6/6/2019,8.71
6/7/2019,8.69
6/8/2019,9.09
6/9/2019,9.59
6/10/2019,9.41
6/11/2019,9.62
6/12/2019,9.4
6/13/2019,9.06
6/14/2019,8.7
6/15/2019,9.06
6/16/2019,11.0
6/17/2019,11.36
6/18/2019,11.52
6/19/2019,11.52
6/20/2019,11.51
6/21/2019,11.46
6/22/2019,11.85
6/23/2019,12.03
6/24/2019,12.08
6/25/2019,11.89
6/26/2019,12.7
6/27/2019,13.38
6/28/2019,13.83
6/29/2019,13.97
6/30/2019,13.51
7/1/2019,13.12
7/2/2019,12.6
7/3/2019,12.25
7/4/2019,12.61
7/5/2019,12.9
7/6/2019,13.1
7/7/2019,12.99
7/8/2019,12.56
7/9/2019,12.68
7/10/2019,13.28
7/11/2019,14.04
7/12/2019,15.37
7/13/2019,16.23
7/14/2019,16.56
7/15/2019,16.41
7/16/2019,16.22
7/17/2019,15.83
7/18/2019,15.21
7/19/2019,14.64
7/20/2019,14.43
7/21/2019,14.58
7/22/2019,15.01
7/23/2019,15.13
7/24/2019,15.08
7/25/2019,15.03
7/26/2019,15.09
7/27/2019,15.39
7/28/2019,15.3
7/29/2019,15.39
7/30/2019,15.15
7/31/2019,14.92
8/1/2019,14.66
8/2/2019,14.44
8/3/2019,14.68
8/4/2019,15.21
8/5/2019,15.6
8/6/2019,15.35
8/7/2019,14.59
8/8/2019,14.12
8/9/2019,13.89
8/10/2019,13.4
8/11/2019,13.09
8/12/2019,12.74
8/13/2019,12.26
8/14/2019,11.86
8/15/2019,11.76
8/16/2019,12.13
8/17/2019,12.84
8/18/2019,13.47
8/19/2019,13.57
8/20/2019,13.47
8/21/2019,13.25
8/22/2019,12.84
8/23/2019,12.6
8/24/2019,12.83
8/25/2019,13.07
8/26/2019,13.42
8/27/2019,12.98
8/28/2019,12.57
8/29/2019,12.35
8/30/2019,12.01
8/31/2019,11.48
9/1/2019,11.16
9/2/2019,10.64
9/3/2019,10.24
9/4/2019,10.02
9/5/2019,10.21
9/6/2019,11.45
9/7/2019,12.2
9/8/2019,13.04
9/9/2019,12.87
9/10/2019,12.46
9/11/2019,12.04
9/12/2019,12.06
9/13/2019,12.27
9/14/2019,13.12
9/15/2019,13.28
9/16/2019,12.95
9/17/2019,12.68
9/18/2019,12.52
9/19/2019,12.31
9/20/2019,11.84
9/21/2019,11.22
9/22/2019,10.76
9/23/2019,10.58
9/24/2019,11.03
9/25/2019,11.94
9/26/2019,12.77
9/27/2019,13.2
9/28/2019,12.9
9/29/2019,12.92
9/30/2019,12.75
10/1/2019,12.52
10/2/2019,12.3
10/3/2019,12.06
10/4/2019,11.92
10/5/2019,11.52
10/6/2019,10.99
10/7/2019,10.49
10/8/2019,10.53
10/9/2019,10.77
10/10/2019,10.92
10/11/2019,10.82
10/12/2019,11.25
10/13/2019,10.98
10/14/2019,10.68
10/15/2019,10.28
10/16/2019,10.07
10/17/2019,10.43
10/18/2019,10.63
10/19/2019,10.2
10/20/2019,9.72
10/21/2019,9.38
10/22/2019,9.14
10/23/2019,9.08
10/24/2019,9.16
10/25/2019,9.04
10/26/2019,8.87
10/27/2019,12.47
10/28/2019,14.17
10/29/2019,14.83
10/30/2019,13.94
10/31/2019,12.82
11/1/2019,12.1
11/2/2019,11.45
11/3/2019,10.84
11/4/2019,10.3
11/5/2019,9.86
11/6/2019,9.51
11/7/2019,9.23
11/8/2019,9.01
11/9/2019,8.81
11/10/2019,8.64
11/11/2019,8.66
11/12/2019,8.84
11/13/2019,9.2
11/14/2019,9.21
11/15/2019,9.0
11/16/2019,8.81
11/17/2019,8.6
11/18/2019,8.42
11/19/2019,8.3
11/20/2019,8.19
11/21/2019,8.1
11/22/2019,8.04
11/23/2019,7.81
11/24/2019,7.59
11/25/2019,7.73
11/26/2019,7.76
11/27/2019,7.6
11/28/2019,7.62
11/29/2019,7.65
11/30/2019,7.63
12/1/2019,7.62
12/2/2019,7.62
12/3/2019,7.49
12/4/2019,7.21
12/5/2019,7.21
12/6/2019,7.24
12/7/2019,7.23
12/8/2019,7.2
12/9/2019,7.18
12/10/2019,7.17
12/11/2019,7.08
12/12/2019,7.08
12/13/2019,7.03
12/14/2019,7.03
12/15/2019,7.03
12/16/2019,7.02
12/17/2019,7.01
12/18/2019,6.99
12/19/2019,6.89
12/20/2019,6.73
12/21/2019,6.69
12/22/2019,6.72
12/23/2019,6.71
12/24/2019,6.7
12/25/2019,6.68
12/26/2019,6.65
12/27/2019,6.63
12/28/2019,6.62
12/29/2019,6.62
12/30/2019,6.64
12/31/2019,6.63
1/1/2020,6.61
1/2/2020,6.63
1/3/2020,6.63
1/4/2020,6.64
1/5/2020,6.72
1/6/2020,6.85
1/7/2020,6.91
1/8/2020,6.84
1/9/2020,6.71
1/10/2020,6.58
1/11/2020,6.51
1/12/2020,6.46
1/13/2020,6.41
1/14/2020,6.37
1/15/2020,6.34
1/16/2020,6.3
1/17/2020,6.26
1/18/2020,6.22
1/19/2020,6.22
1/20/2020,6.19
1/21/2020,6.18
1/22/2020,6.17
1/23/2020,6.15
1/24/2020,6.1
1/25/2020,6.11
1/26/2020,6.11
1/27/2020,6.09
1/28/2020,6.07
1/29/2020,6.07
1/30/2020,6.07
1/31/2020,6.01
2/1/2020,6.01
2/2/2020,6.0
2/3/2020,6.0
2/4/2020,6.0
2/5/2020,6.03
2/6/2020,6.03
2/7/2020,5.96
2/8/2020,5.86
2/9/2020,5.83
2/10/2020,5.81
2/11/2020,5.79
2/12/2020,5.77
2/13/2020,5.75
2/14/2020,5.82
2/15/2020,5.79
2/16/2020,5.77
2/17/2020,5.77
2/18/2020,5.71
2/19/2020,5.69
2/20/2020,5.69
2/21/2020,5.68
2/22/2020,5.67
2/23/2020,5.69
2/24/2020,5.73
2/25/2020,5.71
2/26/2020,5.71
2/27/2020,5.7
2/28/2020,5.73
2/29/2020,5.74
3/1/2020,5.77
3/2/2020,5.77
3/3/2020,5.77
3/4/2020,5.78
3/5/2020,5.78
3/6/2020,5.8
3/7/2020,5.84
3/8/2020,5.8
3/9/2020,5.86
3/10/2020,5.88
3/11/2020,5.89
3/12/2020,5.88
3/13/2020,5.86
3/14/2020,5.82
3/15/2020,5.79
3/16/2020,5.75
3/17/2020,5.72
3/18/2020,5.7
3/19/2020,5.71
3/20/2020,5.78
3/21/2020,5.83
3/22/2020,5.78
3/23/2020,5.72
3/24/2020,5.71
3/25/2020,5.69
3/26/2020,5.69
3/27/2020,5.71
3/28/2020,5.74
3/29/2020,5.76
3/30/2020,5.75
3/31/2020,5.75
4/1/2020,5.73
4/2/2020,5.72
4/3/2020,5.73
4/4/2020,5.72
4/5/2020,5.65
4/6/2020,5.62
4/7/2020,5.66
4/8/2020,5.69
4/9/2020,5.68
4/10/2020,5.67
4/11/2020,5.63
4/12/2020,5.59
4/13/2020,5.58
4/14/2020,5.53
4/15/2020,5.45
4/16/2020,5.47
4/17/2020,5.51
4/18/2020,5.49
4/19/2020,5.65
4/20/2020,6.19
4/21/2020,6.34
4/22/2020,6.51
4/23/2020,6.48
4/24/2020,6.42
4/25/2020,6.41
4/26/2020,6.53
4/27/2020,6.63
4/28/2020,6.7
4/29/2020,6.75
4/30/2020,6.72
5/1/2020,6.77
5/2/2020,7.06
5/3/2020,7.23
5/4/2020,7.03
5/5/2020,6.86
5/6/2020,7.06
5/7/2020,7.49
5/8/2020,7.54
5/9/2020,7.34
5/10/2020,7.04
5/11/2020,6.7
5/12/2020,6.43
5/13/2020,6.28
5/14/2020,6.17
5/15/2020,6.22
5/16/2020,6.36
5/17/2020,6.35
5/18/2020,6.34
5/19/2020,6.29
5/20/2020,6.13
5/21/2020,6.12
5/22/2020,6.08
5/23/2020,6.22
5/24/2020,6.62
5/25/2020,7.75
5/26/2020,9.19
5/27/2020,10.62
5/28/2020,10.86
5/29/2020,12.35
5/30/2020,12.73
5/31/2020,12.55
6/1/2020,12.54
6/2/2020,13.09
6/3/2020,14.31
6/4/2020,14.64
6/5/2020,14.54
6/6/2020,14.29
6/7/2020,14.35
6/8/2020,14.12
6/9/2020,13.69
6/10/2020,13.25
6/11/2020,12.78
6/12/2020,12.65
6/13/2020,12.81
6/14/2020,12.56
6/15/2020,12.51
6/16/2020,12.56
6/17/2020,12.97
6/18/2020,13.37
6/19/2020,13.92
6/20/2020,13.93
6/21/2020,13.48
6/22/2020,13.17
6/23/2020,13.44
6/24/2020,13.51
6/25/2020,13.57
6/26/2020,14.04
6/27/2020,14.83
6/28/2020,14.92
6/29/2020,14.96
6/30/2020,14.85
7/1/2020,14.74
7/2/2020,14.82
7/3/2020,14.86
7/4/2020,14.61
7/5/2020,14.57
7/6/2020,14.36
7/7/2020,14.54
7/8/2020,14.42
7/9/2020,14.29
7/10/2020,14.47
7/11/2020,14.81
7/12/2020,15.08
7/13/2020,15.57
7/14/2020,15.6
7/15/2020,15.63
7/16/2020,16.09
7/17/2020,16.07
7/18/2020,15.74
7/19/2020,15.36
7/20/2020,15.05
7/21/2020,15.15
7/22/2020,15.31
7/23/2020,15.22
7/24/2020,15.18
7/25/2020,15.28
7/26/2020,15.18
7/27/2020,14.99
7/28/2020,14.73
7/29/2020,14.47
7/30/2020,14.78
7/31/2020,15.07
8/1/2020,14.94
8/2/2020,14.65
8/3/2020,14.81
8/4/2020,14.8
8/5/2020,14.36
8/6/2020,13.83
8/7/2020,13.37
8/8/2020,13.06
8/9/2020,12.92
8/10/2020,13.06
8/11/2020,13.42
8/12/2020,13.92
8/13/2020,13.99
8/14/2020,13.87
8/15/2020,14.14
8/16/2020,14.23
8/17/2020,13.89
8/18/2020,13.47
8/19/2020,13.06
8/20/2020,12.68
8/21/2020,12.48
8/22/2020,12.97
8/23/2020,13.15
8/24/2020,12.96
8/25/2020,13.15
8/26/2020,12.96
8/27/2020,12.71
8/28/2020,12.39
8/29/2020,12.01
8/30/2020,11.95
8/31/2020,12.2
9/1/2020,12.19
9/2/2020,12.33
9/3/2020,12.53
9/4/2020,12.83
9/5/2020,12.54
9/6/2020,12.02
9/7/2020,11.65
9/8/2020,11.34
9/9/2020,11.2
9/10/2020,11.03
9/11/2020,11.8
9/12/2020,12.89
9/13/2020,13.52
9/14/2020,13.14
9/15/2020,12.78
9/16/2020,12.65
9/17/2020,13.18
9/18/2020,13.21
9/19/2020,12.99
9/20/2020,12.65
9/21/2020,12.14
9/22/2020,11.64
9/23/2020,11.5
9/24/2020,12.02
9/25/2020,12.89
9/26/2020,13.27
9/27/2020,13.47
9/28/2020,13.17
9/29/2020,12.96
9/30/2020,12.53
10/1/2020,12.04
10/2/2020,11.78
10/3/2020,12.14
10/4/2020,12.66
10/5/2020,13.64
10/6/2020,14.02
10/7/2020,14.99
10/8/2020,14.78
10/9/2020,14.15
10/10/2020,13.57
10/11/2020,13.19
10/12/2020,12.7
10/13/2020,12.16
10/14/2020,11.61
10/15/2020,11.17
10/16/2020,10.84
10/17/2020,10.42
10/18/2020,10.1
10/19/2020,9.98
10/20/2020,10.17
10/21/2020,9.86
10/22/2020,10.49
10/23/2020,11.07
10/24/2020,11.83
10/25/2020,12.75
10/26/2020,13.1
10/27/2020,12.85
10/28/2020,12.3
10/29/2020,11.75
10/30/2020,11.13
10/31/2020,10.6
11/1/2020,10.4
11/2/2020,10.74
11/3/2020,11.11
11/4/2020,11.75
11/5/2020,12.1
11/6/2020,11.86
11/7/2020,11.42
11/8/2020,10.92
11/9/2020,10.41
11/10/2020,9.98
11/11/2020,9.63
11/12/2020,9.36
11/13/2020,9.15
11/14/2020,8.98
11/15/2020,8.8
11/16/2020,8.62
11/17/2020,8.47
11/18/2020,8.34
11/19/2020,8.25
11/20/2020,8.18
11/21/2020,8.07
11/22/2020,7.98
11/23/2020,7.93
11/24/2020,7.88
11/25/2020,7.83
11/26/2020,7.7
11/27/2020,7.62
11/28/2020,7.54
11/29/2020,7.41
11/30/2020,7.31
12/1/2020,7.28
12/2/2020,7.24
12/3/2020,7.23
12/4/2020,7.19
12/5/2020,7.14
12/6/2020,7.1
12/7/2020,7.06
12/8/2020,7.02
12/9/2020,6.94
12/10/2020,6.91
12/11/2020,6.93
12/12/2020,6.92
12/13/2020,6.9
12/14/2020,6.88
12/15/2020,6.87
12/16/2020,6.85
12/17/2020,6.79
12/18/2020,6.75
12/19/2020,6.76
12/20/2020,6.75
12/21/2020,6.69
12/22/2020,6.67
12/23/2020,6.7
12/24/2020,6.69
12/25/2020,6.67
12/26/2020,6.64
12/27/2020,6.63
12/28/2020,6.6
12/29/2020,6.59
12/30/2020,6.54
12/31/2020,6.48
1/1/2021,6.44
1/2/2021,6.44
1/3/2021,6.4
1/4/2021,6.39
1/5/2021,6.36
1/6/2021,6.4
1/7/2021,6.45
1/8/2021,6.45
1/9/2021,6.44
1/10/2021,6.44
1/11/2021,6.43
1/12/2021,6.41
1/13/2021,6.39
1/14/2021,6.39
1/15/2021,6.32
1/16/2021,6.27
1/17/2021,6.24
1/18/2021,6.24
1/19/2021,6.23
1/20/2021,6.22
1/21/2021,6.22
1/22/2021,6.21
1/23/2021,6.22
1/24/2021,6.22
1/25/2021,6.22
1/26/2021,6.23
1/27/2021,6.25
1/28/2021,6.25
1/29/2021,6.28
1/30/2021,6.29
1/31/2021,6.22
2/1/2021,6.17
2/2/2021,6.14
2/3/2021,6.14
2/4/2021,6.11
2/5/2021,6.1
2/6/2021,6.1
2/7/2021,6.09
2/8/2021,6.13
2/9/2021,6.18
2/10/2021,6.13
2/11/2021,6.07
2/12/2021,6.04
2/13/2021,6.02
2/14/2021,5.97
2/15/2021,5.92
2/16/2021,5.9
2/17/2021,5.89
2/18/2021,5.88
2/19/2021,5.84
2/20/2021,5.79
2/21/2021,5.76
2/22/2021,5.74
2/23/2021,5.69
2/24/2021,5.66
2/25/2021,5.65
2/26/2021,5.64
2/27/2021,5.62
2/28/2021,5.6
3/1/2021,5.6
3/2/2021,5.63
3/3/2021,5.63
3/4/2021,5.61
3/5/2021,5.6
3/6/2021,5.62
3/7/2021,5.64
3/8/2021,5.67
3/9/2021,5.68
3/10/2021,5.71
3/11/2021,5.71
3/12/2021,5.59
3/13/2021,5.52
3/14/2021,5.49
3/15/2021,5.47
3/16/2021,5.45
3/17/2021,5.43
3/18/2021,5.41
3/19/2021,5.39
3/20/2021,5.37
3/21/2021,5.35
3/22/2021,5.34
3/23/2021,5.34
3/24/2021,5.32
3/25/2021,5.3
3/26/2021,5.29
3/27/2021,5.28
3/28/2021,5.27
3/29/2021,5.26
3/30/2021,5.25
3/31/2021,5.35
4/1/2021,5.57
4/2/2021,5.98
4/3/2021,6.66
4/4/2021,6.8
4/5/2021,6.9
4/6/2021,6.67
4/7/2021,6.35
4/8/2021,6.02
4/9/2021,5.78
4/10/2021,5.78
4/11/2021,5.64
4/12/2021,5.57
4/13/2021,5.51
4/14/2021,5.46
4/15/2021,5.4
4/16/2021,5.4
4/17/2021,5.36
4/18/2021,5.34
4/19/2021,5.49
4/20/2021,5.91
4/21/2021,6.58
4/22/2021,6.33
4/23/2021,6.12
4/24/2021,5.92
4/25/2021,5.72
4/26/2021,5.55
4/27/2021,5.44
4/28/2021,5.37
4/29/2021,5.27
4/30/2021,5.23
5/1/2021,5.22
5/2/2021,5.22
5/3/2021,5.21
5/4/2021,5.18
5/5/2021,5.47
5/6/2021,5.81
5/7/2021,5.78
5/8/2021,5.81
5/9/2021,5.82
5/10/2021,5.82
5/11/2021,5.82
5/12/2021,5.8
5/13/2021,5.86
5/14/2021,6.07
5/15/2021,7.8
5/16/2021,8.73
5/17/2021,8.97
5/18/2021,9.07
5/19/2021,9.52
5/20/2021,9.83
5/21/2021,11.77
5/22/2021,11.38
5/23/2021,10.81
5/24/2021,10.1
5/25/2021,9.46
5/26/2021,8.9
5/27/2021,8.35
5/28/2021,7.86
5/29/2021,7.5
5/30/2021,7.2
5/31/2021,7.17
6/1/2021,7.2
6/2/2021,7.9
6/3/2021,8.52
6/4/2021,9.1
6/5/2021,10.31
6/6/2021,10.82
6/7/2021,10.92
6/8/2021,10.85
6/9/2021,11.21
6/10/2021,10.58
6/11/2021,10.35
6/12/2021,10.33
6/13/2021,10.21
6/14/2021,10.08
6/15/2021,9.86
6/16/2021,9.79
6/17/2021,10.26
6/18/2021,10.55
6/19/2021,10.34
6/20/2021,10.48
6/21/2021,10.54
6/22/2021,10.59
6/23/2021,10.83
6/24/2021,11.25
6/25/2021,11.84
6/26/2021,12.04
6/27/2021,11.7
6/28/2021,11.45
6/29/2021,11.98
6/30/2021,12.33
7/1/2021,12.9
7/2/2021,12.89
7/3/2021,12.78
7/4/2021,12.59
7/5/2021,12.24
7/6/2021,11.79
7/7/2021,11.62
7/8/2021,12.09
7/9/2021,11.94
7/10/2021,11.8
7/11/2021,12.16
7/12/2021,12.31
7/13/2021,11.98
7/14/2021,12.04
7/15/2021,12.89
7/16/2021,13.57
7/17/2021,13.33
7/18/2021,12.85
7/19/2021,12.51
7/20/2021,12.98
7/21/2021,14.28
7/22/2021,14.44
7/23/2021,13.98
7/24/2021,13.47
7/25/2021,13.13
7/26/2021,12.57
7/27/2021,12.08
7/28/2021,11.87
7/29/2021,11.9
7/30/2021,11.59
7/31/2021,11.03
8/1/2021,10.81
8/2/2021,11.24
8/3/2021,13.61
8/4/2021,14.13
8/5/2021,14.18
8/6/2021,13.78
8/7/2021,13.33
8/8/2021,13.94
8/9/2021,13.66
8/10/2021,13.56
8/11/2021,13.45
8/12/2021,13.28
8/13/2021,13.21
8/14/2021,13.39
8/15/2021,14.73
8/16/2021,13.66
8/17/2021,13.58
8/18/2021,13.98
8/19/2021,14.14
8/20/2021,14.08
8/21/2021,13.8
8/22/2021,13.67
8/23/2021,13.95
8/24/2021,14.22
8/25/2021,14.23
8/26/2021,14.24
8/27/2021,14.06
8/28/2021,14.27
8/29/2021,14.46
8/30/2021,14.07
8/31/2021,13.97
9/1/2021,13.81
9/2/2021,13.78
9/3/2021,13.72
9/4/2021,13.23
9/5/2021,12.89
9/6/2021,13.07
9/7/2021,12.45
9/8/2021,11.85
9/9/2021,11.77
9/10/2021,11.81
9/11/2021,11.81
9/12/2021,11.49
9/13/2021,10.92
9/14/2021,10.32
9/15/2021,10.02
9/16/2021,9.89
9/17/2021,9.73
9/18/2021,10.43
9/19/2021,11.19
9/20/2021,11.63
9/21/2021,11.85
9/22/2021,12.58
9/23/2021,12.51
9/24/2021,12.0
9/25/2021,11.52
9/26/2021,11.05
9/27/2021,10.47
9/28/2021,9.91
9/29/2021,9.61
9/30/2021,9.71
10/1/2021,9.77
10/2/2021,9.45
10/3/2021,9.49
10/4/2021,9.71
10/5/2021,10.99
10/6/2021,10.52
10/7/2021,10.22
10/8/2021,9.91
10/9/2021,9.49
10/10/2021,9.11
10/11/2021,8.9
10/12/2021,8.94
10/13/2021,8.76
10/14/2021,8.47
10/15/2021,8.23
10/16/2021,8.08
10/17/2021,7.93
10/18/2021,7.78
10/19/2021,7.74
10/20/2021,7.65
10/21/2021,8.56
10/22/2021,10.19
10/23/2021,11.19
10/24/2021,11.37
10/25/2021,10.76
10/26/2021,9.97
10/27/2021,9.3
10/28/2021,8.85
10/29/2021,8.67
10/30/2021,8.49
10/31/2021,8.3
11/1/2021,8.17
11/2/2021,8.07
11/3/2021,7.75
11/4/2021,7.52
11/5/2021,7.34
11/6/2021,7.28
11/7/2021,7.2
11/8/2021,7.13
11/9/2021,7.1
11/10/2021,7.03
11/11/2021,6.99
11/12/2021,6.91
11/13/2021,6.88
11/14/2021,6.85
11/15/2021,6.82
11/16/2021,6.81
11/17/2021,6.97
11/18/2021,8.22
11/19/2021,8.65
11/20/2021,8.23
11/21/2021,7.76
11/22/2021,7.4
11/23/2021,7.15
11/24/2021,6.96
11/25/2021,6.83
11/26/2021,6.71
11/27/2021,6.62
11/28/2021,6.59
11/29/2021,6.56
11/30/2021,6.51
12/1/2021,6.43
12/2/2021,6.4
12/3/2021,6.44
12/4/2021,6.41
12/5/2021,6.37
12/6/2021,6.32
12/7/2021,6.26
12/8/2021,6.48
12/9/2021,8.27
12/10/2021,8.55
12/11/2021,8.24
12/12/2021,7.8
12/13/2021,7.47
12/14/2021,7.17
12/15/2021,7.01
12/16/2021,6.85
12/17/2021,6.77
12/18/2021,6.69
12/19/2021,6.65
12/20/2021,6.59
12/21/2021,6.55
12/22/2021,6.52
12/23/2021,6.48
12/24/2021,6.48
12/25/2021,6.5
12/26/2021,6.54
12/27/2021,6.54
12/28/2021,6.61
12/29/2021,6.58
12/30/2021,6.53
12/31/2021,6.5
1/1/2022,6.49
1/2/2022,6.48
1/3/2022,6.47
1/4/2022,6.44
1/5/2022,6.4
1/6/2022,6.33
1/7/2022,6.32
1/8/2022,6.3
1/9/2022,6.27
1/10/2022,6.25
1/11/2022,6.25
1/12/2022,6.25
1/13/2022,6.29
1/14/2022,6.31
1/15/2022,6.3
1/16/2022,6.3
1/17/2022,6.31
1/18/2022,6.32
1/19/2022,6.33
1/20/2022,6.33
1/21/2022,6.32
1/22/2022,6.27
1/23/2022,6.23
1/24/2022,6.26
1/25/2022,6.29
1/26/2022,6.28
1/27/2022,6.23
1/28/2022,6.25
1/29/2022,6.33
1/30/2022,6.31
1/31/2022,6.26
2/1/2022,6.27
2/2/2022,6.31
2/3/2022,6.3
2/4/2022,6.28
2/5/2022,6.29
2/6/2022,6.3
2/7/2022,6.33
2/8/2022,6.37
2/9/2022,6.38
2/10/2022,6.4
2/11/2022,6.35
2/12/2022,6.22
2/13/2022,6.16
2/14/2022,6.06
2/15/2022,6.0
2/16/2022,5.93
2/17/2022,5.85
2/18/2022,5.68
2/19/2022,5.59
2/20/2022,5.52
2/21/2022,5.5
2/22/2022,5.5
2/23/2022,5.51
2/24/2022,5.54
2/25/2022,5.61
2/26/2022,5.6
2/27/2022,5.59
2/28/2022,5.57
3/1/2022,5.53
3/2/2022,5.5
3/3/2022,5.48
3/4/2022,5.41
3/5/2022,5.43
3/6/2022,5.6
3/7/2022,5.63
3/8/2022,5.63
3/9/2022,5.63
3/10/2022,5.58
3/11/2022,5.45
3/12/2022,5.52
3/13/2022,5.55
3/14/2022,5.6
3/15/2022,5.66
3/16/2022,5.69
3/17/2022,5.67
3/18/2022,5.6
3/19/2022,5.53
3/20/2022,5.5
3/21/2022,5.61
3/22/2022,5.45
3/23/2022,5.43
3/24/2022,5.47
3/25/2022,5.61
3/26/2022,5.97
3/27/2022,7.11
3/28/2022,6.89
3/29/2022,7.68
3/30/2022,7.73
3/31/2022,7.32
4/1/2022,6.93
4/2/2022,6.87
4/3/2022,6.55
4/4/2022,7.29
4/5/2022,7.75
4/6/2022,7.17
4/7/2022,6.74
4/8/2022,6.38
4/9/2022,6.17
4/10/2022,5.98
4/11/2022,6.23
4/12/2022,6.5
4/13/2022,6.49
4/14/2022,7.6
4/15/2022,9.39
4/16/2022,11.51
4/17/2022,11.21
4/18/2022,10.87
4/19/2022,10.7
4/20/2022,9.94
4/21/2022,9.91
4/22/2022,9.58
4/23/2022,9.36
4/24/2022,9.23
4/25/2022,8.91
4/26/2022,8.43
4/27/2022,7.92
4/28/2022,7.52
4/29/2022,7.17
4/30/2022,6.95
5/1/2022,7.21
5/2/2022,7.45
5/3/2022,8.27
5/4/2022,8.69
5/5/2022,8.67
5/6/2022,8.61
5/7/2022,8.57
5/8/2022,8.37
5/9/2022,8.09
5/10/2022,8.03
5/11/2022,8.96
5/12/2022,11.69
5/13/2022,14.05
5/14/2022,15.65
5/15/2022,16.36
5/16/2022,16.5
5/17/2022,16.78
5/18/2022,16.98
5/19/2022,17.15
5/20/2022,17.09
5/21/2022,16.96
5/22/2022,16.72
5/23/2022,16.3
5/24/2022,15.89
5/25/2022,15.47
5/26/2022,15.04
5/27/2022,14.8
5/28/2022,14.44
5/29/2022,14.1
5/30/2022,13.77
5/31/2022,13.35
6/1/2022,13.07
6/2/2022,12.96
6/3/2022,13.52
6/4/2022,14.05
6/5/2022,14.26
6/6/2022,14.53
6/7/2022,14.44
6/8/2022,14.11
6/9/2022,13.71
6/10/2022,13.51
6/11/2022,13.16
6/12/2022,12.71
6/13/2022,12.74
6/14/2022,12.87
6/15/2022,13.97
6/16/2022,15.0
6/17/2022,15.33
6/18/2022,16.12
6/19/2022,17.0
6/20/2022,17.24
6/21/2022,17.24
6/22/2022,17.31
6/23/2022,17.28
6/24/2022,17.24
6/25/2022,17.19
6/26/2022,17.09
6/27/2022,16.91
6/28/2022,16.74
6/29/2022,16.54
6/30/2022,16.39
7/1/2022,16.24
7/2/2022,16.07
7/3/2022,15.99
7/4/2022,16.2
7/5/2022,16.19
7/6/2022,16.06
7/7/2022,16.07
7/8/2022,15.97
7/9/2022,15.86
7/10/2022,15.55
7/11/2022,15.27
7/12/2022,15.31
7/13/2022,15.13
7/14/2022,14.75
7/15/2022,14.34
7/16/2022,13.95
7/17/2022,13.74
7/18/2022,13.73
7/19/2022,13.67
7/20/2022,13.88
7/21/2022,13.68
7/22/2022,13.29
7/23/2022,13.12
7/24/2022,13.19
7/25/2022,13.1
7/26/2022,13.29
7/27/2022,13.84
7/28/2022,13.95
7/29/2022,13.7
7/30/2022,13.18
7/31/2022,13.18
8/1/2022,13.6
8/2/2022,13.91
8/3/2022,13.7
8/4/2022,13.75
8/5/2022,13.72
8/6/2022,13.27
8/7/2022,13.55
8/8/2022,13.57
8/9/2022,13.17
8/10/2022,12.75
8/11/2022,12.36
8/12/2022,11.9
8/13/2022,11.47
8/14/2022,11.16
8/15/2022,11.67
8/16/2022,12.15
8/17/2022,12.09
8/18/2022,11.59
8/19/2022,11.06
8/20/2022,10.55
8/21/2022,10.23
8/22/2022,10.34
8/23/2022,10.76
8/24/2022,10.73
8/25/2022,10.85
8/26/2022,10.42
8/27/2022,10.09
8/28/2022,11.16
8/29/2022,11.54
8/30/2022,11.34
8/31/2022,11.37
9/1/2022,10.99
9/2/2022,11.03
9/3/2022,11.29
9/4/2022,11.43
9/5/2022,11.83
9/6/2022,11.83
9/7/2022,12.02
9/8/2022,11.75
9/9/2022,11.35
9/10/2022,10.8
9/11/2022,10.44
9/12/2022,11.01
9/13/2022,11.1
9/14/2022,11.35
9/15/2022,11.9
9/16/2022,12.09
9/17/2022,12.23
9/18/2022,12.06
9/19/2022,11.74
9/20/2022,11.74
9/21/2022,11.5
9/22/2022,11.37
9/23/2022,11.49
9/24/2022,11.32
9/25/2022,11.12
9/26/2022,11.14
9/27/2022,11.11
9/28/2022,10.92
9/29/2022,10.74
9/30/2022,10.52
10/1/2022,10.29
10/2/2022,9.9
10/3/2022,9.74
10/4/2022,10.25
10/5/2022,10.36
10/6/2022,11.64
10/7/2022,11.88
10/8/2022,11.76
10/9/2022,11.44
10/10/2022,10.98
10/11/2022,10.67
10/12/2022,11.25
10/13/2022,11.15
10/14/2022,10.87
10/15/2022,10.52
10/16/2022,10.1
10/17/2022,9.7
10/18/2022,9.34
10/19/2022,9.12
10/20/2022,9.08
10/21/2022,9.1
10/22/2022,8.96
10/23/2022,8.76
10/24/2022,8.54
10/25/2022,8.46
10/26/2022,8.81
10/27/2022,9.66
10/28/2022,10.25
10/29/2022,9.86
10/30/2022,9.33
10/31/2022,8.83
11/1/2022,8.48
11/2/2022,8.23
11/3/2022,8.07
11/4/2022,7.86
11/5/2022,7.66
11/6/2022,7.54
11/7/2022,7.43
11/8/2022,7.35
11/9/2022,7.26
11/10/2022,7.15
11/11/2022,7.09
11/12/2022,7.09
11/13/2022,7.05
11/14/2022,7.01
11/15/2022,6.93
11/16/2022,6.86
11/17/2022,6.79
11/18/2022,6.68
11/19/2022,6.63
11/20/2022,6.59
11/21/2022,6.57
11/22/2022,6.53
11/23/2022,6.48
11/24/2022,6.46
11/25/2022,6.45
11/26/2022,6.42
11/27/2022,6.36
11/28/2022,6.35
11/29/2022,6.34
11/30/2022,6.33
12/1/2022,6.4
12/2/2022,6.4
12/3/2022,6.42
12/4/2022,6.37
12/5/2022,6.19
12/6/2022,6.14
12/7/2022,6.11
12/8/2022,6.1
12/9/2022,6.1
12/10/2022,6.1
12/11/2022,6.08
12/12/2022,6.07
12/13/2022,6.08
12/14/2022,6.11
12/15/2022,6.09
12/16/2022,6.07
12/17/2022,6.03
12/18/2022,5.97
12/19/2022,5.93
12/20/2022,5.93
12/21/2022,5.95
12/22/2022,5.93
12/23/2022,5.95
12/24/2022,6.06
12/25/2022,5.99
12/26/2022,5.92
12/27/2022,6.0
12/28/2022,5.95
12/29/2022,5.93
12/30/2022,5.96
12/31/2022,6.01
1/1/2023,6.04
1/2/2023,6.02
1/3/2023,5.99
1/4/2023,5.9
1/5/2023,5.85
1/6/2023,5.83
1/7/2023,5.82
1/8/2023,5.81
1/9/2023,5.8
1/10/2023,5.8
1/11/2023,5.79
1/12/2023,5.85
1/13/2023,5.9
1/14/2023,6.0
1/15/2023,5.86
1/16/2023,5.81
1/17/2023,5.83
1/18/2023,5.82
1/19/2023,5.82
1/20/2023,5.87
1/21/2023,5.9
1/22/2023,5.98
1/23/2023,5.95
1/24/2023,5.94
1/25/2023,5.88
1/26/2023,5.84
1/27/2023,5.8
1/28/2023,5.77
1/29/2023,5.74
1/30/2023,5.76
1/31/2023,5.77
2/1/2023,5.76
2/2/2023,5.73
2/3/2023,5.71
2/4/2023,5.7
2/5/2023,5.7
2/6/2023,5.72
2/7/2023,5.73
2/8/2023,5.73
2/9/2023,5.71
2/10/2023,5.7
2/11/2023,5.71
2/12/2023,5.69
2/13/2023,5.68
2/14/2023,5.67
2/15/2023,5.64
2/16/2023,5.59
2/17/2023,5.59
2/18/2023,5.57
2/19/2023,5.61
2/20/2023,5.64
2/21/2023,5.64
2/22/2023,5.63
2/23/2023,5.61
2/24/2023,5.61
2/25/2023,5.59
2/26/2023,5.59
2/27/2023,5.58
2/28/2023,5.56
3/1/2023,5.56
3/2/2023,5.55
3/3/2023,5.51
3/4/2023,5.42
3/5/2023,5.38
3/6/2023,5.42
3/7/2023,5.4
3/8/2023,5.42
3/9/2023,5.38
3/10/2023,5.37
3/11/2023,5.37
3/12/2023,5.35
3/13/2023,5.34
3/14/2023,5.34
3/15/2023,5.36
3/16/2023,5.33
3/17/2023,5.32
3/18/2023,5.33
3/19/2023,5.38
3/20/2023,5.44
3/21/2023,5.47
3/22/2023,5.56
3/23/2023,5.68
3/24/2023,5.78
3/25/2023,5.81
3/26/2023,5.8
3/27/2023,5.81
3/28/2023,5.81
3/29/2023,5.76
3/30/2023,5.73
3/31/2023,5.71
4/1/2023,5.76
4/2/2023,5.8
4/3/2023,5.83
4/4/2023,6.08
4/5/2023,6.59
4/6/2023,7.43
4/7/2023,7.68
4/8/2023,7.55
4/9/2023,7.18
4/10/2023,6.76
4/11/2023,6.4
4/12/2023,6.14
4/13/2023,5.93
4/14/2023,5.81
4/15/2023,5.75
4/16/2023,5.68
4/17/2023,5.64
4/18/2023,5.77
4/19/2023,5.76
4/20/2023,5.76
4/21/2023,5.76
4/22/2023,5.92
4/23/2023,5.85
4/24/2023,5.72
4/25/2023,5.94
4/26/2023,6.16
4/27/2023,6.15
4/28/2023,6.04
4/29/2023,5.91
4/30/2023,5.86
5/1/2023,5.79
5/2/2023,5.75
5/3/2023,5.66
5/4/2023,5.43
5/5/2023,5.29
5/6/2023,5.24
5/7/2023,5.19
5/8/2023,5.27
5/9/2023,5.26
5/10/2023,5.24
5/11/2023,5.25
5/12/2023,5.27
5/13/2023,5.25
5/14/2023,5.18
5/15/2023,5.15
5/16/2023,5.21
5/17/2023,5.32
5/18/2023,5.85
5/19/2023,5.94
5/20/2023,6.37
5/21/2023,7.28
5/22/2023,7.48
5/23/2023,7.2
5/24/2023,6.88
5/25/2023,6.58
5/26/2023,6.36
5/27/2023,6.74
5/28/2023,7.15
5/29/2023,7.21
5/30/2023,6.9
5/31/2023,6.57
6/1/2023,6.26
6/2/2023,6.02
6/3/2023,5.84
6/4/2023,5.86
6/5/2023,5.91
6/6/2023,5.86
6/7/2023,5.78
6/8/2023,5.64
6/9/2023,5.53
6/10/2023,5.57
6/11/2023,5.95
6/12/2023,8.31
6/13/2023,9.44
6/14/2023,9.26
6/15/2023,11.38
6/16/2023,12.86
6/17/2023,13.63
6/18/2023,14.31
6/19/2023,14.39
6/20/2023,14.64
6/21/2023,14.28
6/22/2023,14.03
6/23/2023,13.77
6/24/2023,13.58
6/25/2023,13.25
6/26/2023,13.01
6/27/2023,12.57
6/28/2023,12.58
6/29/2023,12.59
6/30/2023,12.4
7/1/2023,12.69
7/2/2023,12.89
7/3/2023,12.52
7/4/2023,12.37
7/5/2023,11.87
7/6/2023,11.88
7/7/2023,12.51
7/8/2023,13.0
7/9/2023,13.13
7/10/2023,12.86
7/11/2023,13.03
7/12/2023,12.59
7/13/2023,12.29
7/14/2023,12.4
7/15/2023,12.3
7/16/2023,12.18
7/17/2023,12.1
7/18/2023,12.62
7/19/2023,12.51
7/20/2023,11.89
7/21/2023,11.29
7/22/2023,10.92
7/23/2023,10.52
7/24/2023,10.32
7/25/2023,10.86
7/26/2023,11.84
7/27/2023,12.54
7/28/2023,12.85
7/29/2023,12.49
7/30/2023,11.88
7/31/2023,11.34
8/1/2023,10.74
8/2/2023,10.22
8/3/2023,9.82
8/4/2023,9.67
8/5/2023,9.69
8/6/2023,9.69
8/7/2023,10.71
8/8/2023,11.84
8/9/2023,13.01
8/10/2023,13.91
8/11/2023,13.94
8/12/2023,14.13
8/13/2023,14.13
8/14/2023,13.7
8/15/2023,13.13
8/16/2023,13.11
8/17/2023,13.18
8/18/2023,13.21
8/19/2023,13.06
8/20/2023,13.04
8/21/2023,12.66
8/22/2023,12.51
8/23/2023,13.25
8/24/2023,13.43
8/25/2023,13.43
8/26/2023,13.32
8/27/2023,13.99
8/28/2023,14.82
8/29/2023,15.11
8/30/2023,14.75
8/31/2023,14.14
9/1/2023,14.09
9/2/2023,14.13
9/3/2023,13.98
9/4/2023,13.53
9/5/2023,12.99
9/6/2023,12.33
9/7/2023,11.61
9/8/2023,11.01
9/9/2023,10.73
9/10/2023,10.54
9/11/2023,10.4
9/12/2023,10.46
9/13/2023,11.37
9/14/2023,12.11
9/15/2023,12.06
9/16/2023,11.67
9/17/2023,11.03
9/18/2023,10.4
9/19/2023,10.14
9/20/2023,10.64
9/21/2023,11.71
9/22/2023,12.86
9/23/2023,13.05
9/24/2023,12.52
9/25/2023,11.79
9/26/2023,11.1
9/27/2023,10.47
9/28/2023,10.05
9/29/2023,10.05
9/30/2023,9.79
10/1/2023,9.42
10/2/2023,9.31
10/3/2023,9.77
10/4/2023,9.95
10/5/2023,10.13
10/6/2023,9.91
10/7/2023,9.83
10/8/2023,10.02
10/9/2023,10.21
10/10/2023,10.36
10/11/2023,10.02
10/12/2023,9.67
10/13/2023,9.37
10/14/2023,9.11
10/15/2023,8.92
10/16/2023,8.75
10/17/2023,8.62
10/18/2023,8.39
10/19/2023,8.21
10/20/2023,7.95
10/21/2023,7.75
10/22/2023,7.61
10/23/2023,7.47
10/24/2023,7.41
10/25/2023,7.4
10/26/2023,7.36
10/27/2023,7.29
10/28/2023,7.24
10/29/2023,7.22
10/30/2023,7.24
10/31/2023,7.17
11/1/2023,7.09
11/2/2023,6.97
11/3/2023,6.83
11/4/2023,6.77
11/5/2023,6.75
11/6/2023,6.72
11/7/2023,6.67
11/8/2023,6.61
11/9/2023,6.58
11/10/2023,6.57
11/11/2023,6.56
11/12/2023,6.53
11/13/2023,6.5
11/14/2023,6.47
11/15/2023,6.45
11/16/2023,6.41
11/17/2023,6.33
11/18/2023,6.45
11/19/2023,8.01
11/20/2023,8.71
11/21/2023,8.42
11/22/2023,7.96
11/23/2023,7.51
11/24/2023,7.19
11/25/2023,6.83
11/26/2023,6.64
11/27/2023,6.53
11/28/2023,6.48
11/29/2023,6.42
11/30/2023,6.36
12/1/2023,6.25
12/2/2023,6.2
12/3/2023,6.17
12/4/2023,6.12
12/5/2023,6.11
12/6/2023,6.09
12/7/2023,6.06
12/8/2023,6.11
12/9/2023,6.64
12/10/2023,7.74
12/11/2023,8.17
12/12/2023,8.0
12/13/2023,7.55
12/14/2023,7.17
12/15/2023,6.92
12/16/2023,6.76
12/17/2023,6.66
12/18/2023,6.54
12/19/2023,6.46
12/20/2023,6.38
12/21/2023,6.32
12/22/2023,6.25
12/23/2023,6.19
12/24/2023,6.16
12/25/2023,6.13
12/26/2023,6.13
12/27/2023,6.13
12/28/2023,6.12
12/29/2023,6.11
12/30/2023,6.1
12/31/2023,6.08
1/1/2024,6.04
1/2/2024,6.0
1/3/2024,5.98
1/4/2024,5.96
1/5/2024,5.94
1/6/2024,5.93
1/7/2024,5.92
1/8/2024,5.89
1/9/2024,5.89
1/10/2024,5.87
1/11/2024,5.85
1/12/2024,5.85
1/13/2024,5.84
1/14/2024,5.95
1/15/2024,6.02
1/16/2024,6.02
1/17/2024,6.02
1/18/2024,6.04
1/19/2024,5.98
1/20/2024,5.95
1/21/2024,5.94
1/22/2024,5.94
1/23/2024,5.96
1/24/2024,5.96
1/25/2024,5.95
1/26/2024,5.94
1/27/2024,5.93
1/28/2024,5.92
1/29/2024,5.93
1/30/2024,5.92
1/31/2024,5.91
2/1/2024,5.9
2/2/2024,5.89
2/3/2024,5.92
2/4/2024,6.12
2/5/2024,6.12
2/6/2024,6.06
2/7/2024,6.02
2/8/2024,5.98
2/9/2024,5.93
2/10/2024,5.88
2/11/2024,5.85
2/12/2024,5.78
2/13/2024,5.69
2/14/2024,5.67
2/15/2024,5.64
2/16/2024,5.62
2/17/2024,5.56
2/18/2024,5.48
2/19/2024,5.42
2/20/2024,5.41
2/21/2024,5.41
2/22/2024,5.49
2/23/2024,5.6
2/24/2024,6.22
2/25/2024,6.79
2/26/2024,7.02
2/27/2024,6.73
2/28/2024,6.42
2/29/2024,6.16
3/1/2024,5.93
3/2/2024,5.77
3/3/2024,5.66
3/4/2024,5.58
3/5/2024,5.53
3/6/2024,5.49
3/7/2024,5.46
3/8/2024,5.46
3/9/2024,5.42
3/10/2024,5.38
3/11/2024,5.38
3/12/2024,5.38
3/13/2024,5.42
3/14/2024,5.42
3/15/2024,5.4
3/16/2024,5.39
3/17/2024,5.42
3/18/2024,5.42
3/19/2024,5.4
3/20/2024,5.39
3/21/2024,5.34
3/22/2024,5.36
3/23/2024,5.39
3/24/2024,5.47
3/25/2024,5.63
3/26/2024,5.72
3/27/2024,5.74
3/28/2024,5.77
3/29/2024,5.77
3/30/2024,5.78
3/31/2024,5.87
4/1/2024,6.43
4/2/2024,7.53
4/3/2024,8.23
4/4/2024,8.49
4/5/2024,8.24
4/6/2024,7.85
4/7/2024,7.51
4/8/2024,7.32
4/9/2024,7.07
4/10/2024,6.83
4/11/2024,6.6
4/12/2024,6.31
4/13/2024,6.11
4/14/2024,5.91
4/15/2024,5.75
4/16/2024,5.64
4/17/2024,5.57
4/18/2024,5.5
4/19/2024,6.2
4/20/2024,6.7
4/21/2024,7.78
4/22/2024,8.98
4/23/2024,9.31
4/24/2024,9.39
4/25/2024,9.48
4/26/2024,9.49
4/27/2024,9.38
4/28/2024,8.98
4/29/2024,9.05
4/30/2024,9.93
5/1/2024,10.53
5/2/2024,11.11
5/3/2024,12.52
5/4/2024,12.14
5/5/2024,11.59
5/6/2024,11.29
5/7/2024,11.58
5/8/2024,11.5
5/9/2024,10.98
5/10/2024,10.09
5/11/2024,9.52
5/12/2024,9.14
5/13/2024,8.88
5/14/2024,8.5
5/15/2024,8.12
5/16/2024,7.82
5/17/2024,7.59
5/18/2024,7.34
5/19/2024,7.14
5/20/2024,7.11
5/21/2024,7.16
5/22/2024,7.1
5/23/2024,6.99
5/24/2024,6.85
5/25/2024,6.69
5/26/2024,6.75
5/27/2024,6.75
5/28/2024,7.72
5/29/2024,15.22
5/30/2024,17.42
5/31/2024,17.47
6/1/2024,17.34
6/2/2024,16.69
6/3/2024,15.88
6/4/2024,15.67
6/5/2024,15.61
6/6/2024,15.27
6/7/2024,14.91
6/8/2024,14.49
6/9/2024,14.48
6/10/2024,14.37
6/11/2024,14.13
6/12/2024,13.71
6/13/2024,13.39
6/14/2024,13.62
6/15/2024,13.86
6/16/2024,14.78
6/17/2024,15.13
6/18/2024,15.55
6/19/2024,15.86
6/20/2024,16.27
6/21/2024,15.95
6/22/2024,15.55
6/23/2024,15.79
6/24/2024,15.73
6/25/2024,15.65
6/26/2024,15.5
6/27/2024,15.24
6/28/2024,15.04
6/29/2024,15.03
6/30/2024,15.24
7/1/2024,15.12
7/2/2024,16.11
7/3/2024,16.75
7/4/2024,16.94
7/5/2024,16.8
7/6/2024,16.55
7/7/2024,16.17
7/8/2024,15.97
7/9/2024,15.85
7/10/2024,15.8
7/11/2024,15.8
7/12/2024,15.66
7/13/2024,15.51
7/14/2024,15.27
7/15/2024,15.24
7/16/2024,15.32
7/17/2024,15.25
7/18/2024,15.01
7/19/2024,14.74
7/20/2024,14.51
7/21/2024,14.34
7/22/2024,14.4
7/23/2024,14.38
7/24/2024,14.19
7/25/2024,13.92
7/26/2024,13.96
7/27/2024,13.83
7/28/2024,13.37
7/29/2024,12.97
7/30/2024,12.62
7/31/2024,12.69
8/1/2024,13.58
8/2/2024,13.94
8/3/2024,13.94
8/4/2024,13.97
8/5/2024,13.88
8/6/2024,14.13
8/7/2024,15.24
8/8/2024,15.83
8/9/2024,15.93
8/10/2024,15.87
8/11/2024,15.47
8/12/2024,14.96
8/13/2024,14.85
8/14/2024,14.72
8/15/2024,14.43
8/16/2024,14.23
8/17/2024,14.28
8/18/2024,14.32
8/19/2024,14.26
8/20/2024,14.5
8/21/2024,15.26
8/22/2024,15.63
8/23/2024,15.61
8/24/2024,15.54
8/25/2024,15.53
8/26/2024,15.44
8/27/2024,15.17
8/28/2024,14.81
8/29/2024,14.97
8/30/2024,14.71
8/31/2024,14.45
9/1/2024,14.29
9/2/2024,14.61
9/3/2024,14.67
9/4/2024,14.53
9/5/2024,14.47
9/6/2024,14.18
9/7/2024,13.87
9/8/2024,13.54
9/9/2024,13.33
9/10/2024,13.11
9/11/2024,13.04
9/12/2024,12.87
9/13/2024,12.41
9/14/2024,11.97
9/15/2024,11.46
9/16/2024,11.0
9/17/2024,10.62
9/18/2024,10.32
9/19/2024,10.07
9/20/2024,9.83
9/21/2024,9.61
9/22/2024,9.46
9/23/2024,9.33
9/24/2024,9.23
9/25/2024,9.09
9/26/2024,9.0
9/27/2024,10.32
9/28/2024,10.68
9/29/2024,10.73
9/30/2024,11.32
10/1/2024,12.11
10/2/2024,12.74
10/3/2024,12.64
10/4/2024,12.6
10/5/2024,12.91
10/6/2024,13.07
10/7/2024,12.84
10/8/2024,12.73
10/9/2024,12.54
10/10/2024,12.31
10/11/2024,11.97
10/12/2024,11.88
10/13/2024,11.85
10/14/2024,11.55
10/15/2024,11.13
10/16/2024,10.7
10/17/2024,10.3
10/18/2024,10.0
10/19/2024,9.79
10/20/2024,9.86
10/21/2024,10.05
10/22/2024,9.83
10/23/2024,9.49
10/24/2024,9.24
10/25/2024,9.11
10/26/2024,8.95
10/27/2024,8.86
10/28/2024,8.85
10/29/2024,8.73
10/30/2024,8.58
10/31/2024,8.46
11/1/2024,8.54
11/2/2024,8.77
11/3/2024,8.53
11/4/2024,8.34
11/5/2024,8.04
11/6/2024,7.98
11/7/2024,8.05
11/8/2024,8.06
11/9/2024,7.87
11/10/2024,7.74
11/11/2024,7.65
11/12/2024,7.55
11/13/2024,7.44
11/14/2024,7.34
11/15/2024,7.27
11/16/2024,7.22
11/17/2024,7.18
11/18/2024,7.1
11/19/2024,7.05
11/20/2024,6.99
11/21/2024,6.94
11/22/2024,6.93
11/23/2024,6.97
11/24/2024,7.03
11/25/2024,7.01
11/26/2024,6.96
11/27/2024,6.91
11/28/2024,6.88
11/29/2024,6.84
11/30/2024,6.8
12/1/2024,6.84
12/2/2024,6.84
12/3/2024,6.8
12/4/2024,6.83
12/5/2024,6.8
12/6/2024,6.75
12/7/2024,6.69
12/8/2024,6.62
12/9/2024,6.51
12/10/2024,6.45
12/11/2024,6.53
12/12/2024,6.55
12/13/2024,6.56
12/14/2024,6.52
12/15/2024,6.57
12/16/2024,6.54
12/17/2024,6.59
12/18/2024,6.6
12/19/2024,6.6
12/20/2024,6.59
12/21/2024,6.58
12/22/2024,6.58
12/23/2024,6.56
12/24/2024,6.55
12/25/2024,6.54
12/26/2024,6.52
12/27/2024,6.52
12/28/2024,6.5
12/29/2024,6.49
12/30/2024,6.49
12/31/2024,6.47
1/1/2025,6.46
1/2/2025,6.45
1/3/2025,6.44
1/4/2025,6.44
1/5/2025,6.44
1/6/2025,6.39
1/7/2025,6.36
1/8/2025,6.32
1/9/2025,6.29
1/10/2025,6.29
1/11/2025,6.31
1/12/2025,6.3
1/13/2025,6.28
1/14/2025,6.26
1/15/2025,6.25
1/16/2025,6.23
1/17/2025,6.19
1/18/2025,6.22
1/19/2025,6.22
1/20/2025,6.21
1/21/2025,6.21
1/22/2025,6.2
1/23/2025,6.14
1/24/2025,6.09
1/25/2025,6.03
1/26/2025,6.0
1/27/2025,5.97
1/28/2025,5.97
1/29/2025,6.0
1/30/2025,5.99
1/31/2025,5.94
2/1/2025,5.96
2/2/2025,5.95
2/3/2025,5.94
2/4/2025,5.98
2/5/2025,5.98
2/6/2025,5.97
2/7/2025,5.97
2/8/2025,5.95
2/9/2025,5.89
2/10/2025,5.86
2/11/2025,5.89
2/12/2025,5.9
2/13/2025,5.92
2/14/2025,5.91
2/15/2025,5.91
2/16/2025,5.98
2/17/2025,5.97
2/18/2025,5.91
2/19/2025,5.83
2/20/2025,5.78
2/21/2025,5.74
2/22/2025,5.71
2/23/2025,5.67
2/24/2025,5.64
2/25/2025,5.63
2/26/2025,5.59
2/27/2025,5.57
2/28/2025,5.57
3/1/2025,5.55
3/2/2025,5.53
3/3/2025,5.54
3/4/2025,5.67
3/5/2025,5.67
3/6/2025,5.71
3/7/2025,5.67
3/8/2025,5.57
3/9/2025,5.49
3/10/2025,5.45
3/11/2025,5.41
3/12/2025,5.4
3/13/2025,5.39
3/14/2025,5.44
3/15/2025,5.55
3/16/2025,5.83
3/17/2025,5.69
3/18/2025,5.7
3/19/2025,5.62
3/20/2025,5.71
3/21/2025,5.7
3/22/2025,5.56
3/23/2025,5.46
3/24/2025,5.42
3/25/2025,5.34
3/26/2025,5.31
3/27/2025,5.3
3/28/2025,5.29
3/29/2025,5.26
3/30/2025,5.24
3/31/2025,5.21
4/1/2025,5.29
4/2/2025,5.24
4/3/2025,5.24
4/4/2025,5.2
4/5/2025,5.16
4/6/2025,5.14
4/7/2025,5.12
4/8/2025,5.14
4/9/2025,5.18
4/10/2025,5.2
4/11/2025,5.25
4/12/2025,5.34
4/13/2025,5.33
4/14/2025,5.29
4/15/2025,5.27
4/16/2025,5.23
4/17/2025,5.23
4/18/2025,5.21
4/19/2025,5.22
4/20/2025,5.35
4/21/2025,5.4
4/22/2025,5.5
4/23/2025,5.76
4/24/2025,6.31
4/25/2025,6.65
4/26/2025,6.86
4/27/2025,6.55
4/28/2025,6.2
4/29/2025,6.26
4/30/2025,6.51
5/1/2025,6.38
5/2/2025,6.22
5/3/2025,6.11
5/4/2025,5.97
5/5/2025,5.85
5/6/2025,6.24
5/7/2025,6.3
5/8/2025,6.35
5/9/2025,6.29
5/10/2025,6.26
5/11/2025,6.23
5/12/2025,6.56
5/13/2025,6.89
5/14/2025,7.53
5/15/2025,8.05
5/16/2025,8.26
5/17/2025,8.62
5/18/2025,8.52
5/19/2025,8.94
5/20/2025,9.18
5/21/2025,10.01
5/22/2025,10.34
5/23/2025,11.03
5/24/2025,10.58
5/25/2025,9.87
5/26/2025,9.44
5/27/2025,9.77
5/28/2025,9.92
5/29/2025,9.7
5/30/2025,9.69
5/31/2025,12.73
6/1/2025,16.33
6/2/2025,17.24
6/3/2025,17.36
6/4/2025,17.28
6/5/2025,16.65
6/6/2025,16.17
6/7/2025,15.84
6/8/2025,15.46
6/9/2025,14.99
6/10/2025,14.65
6/11/2025,14.37
6/12/2025,14.0
6/13/2025,13.58
6/14/2025,13.05
6/15/2025,12.75
6/16/2025,13.01
6/17/2025,13.6
6/18/2025,13.89
6/19/2025,13.65
6/20/2025,13.27
6/21/2025,12.85
6/22/2025,12.53
6/23/2025,12.38
6/24/2025,13.35
6/25/2025,14.35
6/26/2025,14.93
6/27/2025,15.2
6/28/2025,15.02
6/29/2025,14.82
6/30/2025,14.64
7/1/2025,14.6
7/2/2025,14.78
7/3/2025,14.74
7/4/2025,14.7
7/5/2025,14.83
7/6/2025,14.76
7/7/2025,14.76
7/8/2025,14.8
7/9/2025,14.57
7/10/2025,14.73
7/11/2025,15.15
7/12/2025,14.83
7/13/2025,14.33
7/14/2025,13.87
7/15/2025,13.37
7/16/2025,12.99
7/17/2025,13.12
7/18/2025,14.02
7/19/2025,13.67
7/20/2025,13.18
7/21/2025,13.44
7/22/2025,13.56
7/23/2025,13.7
7/24/2025,13.56
7/25/2025,13.15
7/26/2025,12.74
7/27/2025,12.51
7/28/2025,12.24
7/29/2025,12.17
7/30/2025,12.89
7/31/2025,13.47
8/1/2025,13.53
8/2/2025,13.22
8/3/2025,13.04
8/4/2025,13.25
8/5/2025,14.19
8/6/2025,15.02
8/7/2025,15.19
8/8/2025,15.03
8/9/2025,14.76
8/10/2025,14.66
8/11/2025,14.49
8/12/2025,14.27
8/13/2025,13.89
8/14/2025,13.68
8/15/2025,13.78
8/16/2025,14.01
8/17/2025,14.36
8/18/2025,14.15
8/19/2025,13.7
8/20/2025,13.36
8/21/2025,13.3
8/22/2025,13.72
8/23/2025,13.67
8/24/2025,13.61
8/25/2025,13.62
8/26/2025,13.5
8/27/2025,13.35
8/28/2025,13.65
8/29/2025,13.93
8/30/2025,13.94
8/31/2025,13.84
9/1/2025,13.71
9/2/2025,13.54
9/3/2025,12.93
9/4/2025,12.46
9/5/2025,12.3
9/6/2025,12.6
9/7/2025,12.67
9/8/2025,12.97
9/9/2025,12.85
9/10/2025,12.63
9/11/2025,12.65
9/12/2025,12.57
9/13/2025,13.17
9/14/2025,14.23
9/15/2025,15.65
9/16/2025,16.33
9/17/2025,16.18
9/18/2025,15.81
9/19/2025,15.59
9/20/2025,15.09
9/21/2025,14.6
9/22/2025,14.2
9/23/2025,13.86
9/24/2025,13.54
9/25/2025,13.62
9/26/2025,13.37
9/27/2025,12.8
9/28/2025,12.17
9/29/2025,11.62
9/30/2025,11.16
10/1/2025,10.81
10/2/2025,10.96
10/3/2025,11.73
10/4/2025,12.61
10/5/2025,12.71
10/6/2025,12.34
10/7/2025,11.99
10/8/2025,11.65
10/9/2025,11.43
10/10/2025,11.32
10/11/2025,11.17
10/12/2025,12.08
10/13/2025,13.57
10/14/2025,13.33
10/15/2025,12.81
10/16/2025,12.22
10/17/2025,11.67
10/18/2025,11.2
10/19/2025,10.65
10/20/2025,10.15
10/21/2025,9.86
10/22/2025,9.6
10/23/2025,9.35
10/24/2025,9.17
10/25/2025,9.09
10/26/2025,9.02
10/27/2025,8.91
10/28/2025,8.8
10/29/2025,8.66
10/30/2025,8.54
10/31/2025,8.45
11/1/2025,8.36
11/2/2025,8.32
11/3/2025,8.23
11/4/2025,8.2
11/5/2025,8.24
11/6/2025,8.18
11/7/2025,8.33
11/8/2025,8.54
11/9/2025,8.64
11/10/2025,8.5
11/11/2025,8.24
11/12/2025,8.05
11/13/2025,7.93
11/14/2025,7.81
11/15/2025,7.66
11/16/2025,7.55
11/17/2025,7.48
11/18/2025,7.49
11/19/2025,7.5
11/20/2025,7.46
11/21/2025,7.42
11/22/2025,7.38
11/23/2025,7.36
11/24/2025,7.34
11/25/2025,7.31
11/26/2025,7.27
11/27/2025,7.22
11/28/2025,7.17
11/29/2025,7.15
11/30/2025,7.13
12/1/2025,7.12
12/2/2025,7.09
12/3/2025,7.05
12/4/2025,6.87
12/5/2025,6.76
12/6/2025,6.66
12/7/2025,6.61
12/8/2025,6.58
12/9/2025,6.57
12/10/2025,6.56
12/11/2025,6.54
12/12/2025,6.52
12/13/2025,6.51
12/14/2025,6.5
12/15/2025,6.53
12/16/2025,6.5
12/17/2025,6.44
12/18/2025,6.41
12/19/2025,6.28
12/20/2025,6.22
12/21/2025,6.16
12/22/2025,6.12
12/23/2025,6.08
12/24/2025,6.03
12/25/2025,6.02
12/26/2025,5.99
12/27/2025,5.98
12/28/2025,5.96
12/29/2025,5.94
12/30/2025,5.91
12/31/2025,5.89
1/1/2026,5.88
1/2/2026,5.87
1/3/2026,5.9
1/4/2026,5.87
1/5/2026,5.81
1/6/2026,5.79
1/7/2026,5.78
1/8/2026,5.76
1/9/2026,5.75
1/10/2026,5.73
1/11/2026,5.71
1/12/2026,5.7
1/13/2026,5.7
1/14/2026,5.69
1/15/2026,5.69
1/16/2026,5.68
1/17/2026,5.67
1/18/2026,5.65
1/19/2026,5.64
1/20/2026,5.65
1/21/2026,5.63
1/22/2026,5.61
1/23/2026,5.6
1/24/2026,5.59
1/25/2026,5.59
1/26/2026,5.58
1/27/2026,5.73
1/28/2026,5.76
1/29/2026,5.76
1/30/2026,5.75
1/31/2026,5.75
2/1/2026,5.74
2/2/2026,5.73
2/3/2026,5.73
2/4/2026,5.79
2/5/2026,5.82
2/6/2026,5.81
2/7/2026,5.81
2/8/2026,5.81
2/9/2026,5.78
2/10/2026,5.67
2/11/2026,5.51
2/12/2026,5.44
2/13/2026,5.39
2/14/2026,5.37
2/15/2026,5.36
2/16/2026,5.33
2/17/2026,5.31
2/18/2026,5.28
2/19/2026,5.23
2/20/2026,5.21
2/21/2026,5.2
2/22/2026,5.19
2/23/2026,5.19
2/24/2026,5.18
2/25/2026,5.18
2/26/2026,5.17
2/27/2026,5.16
2/28/2026,5.15
3/6/2026,5.27
3/7/2026,5.15
3/10/2026,5.14
3/11/2026,5.14
3/12/2026,5.14
3/16/2026,7.0
3/17/2026,8.77
3/18/2026,9.63
3/19/2026,9.45
3/22/2026,7.6
3/23/2026,7.36
3/24/2026,7.36
3/25/2026,7.33
3/26/2026,7.2
3/27/2026,6.91
3/28/2026,6.56
3/29/2026,6.37
3/30/2026,6.34
3/31/2026,6.36
4/2/2026,6.9
4/3/2026,6.93
4/4/2026,6.96
4/5/2026,6.99
4/6/2026,7.12
4/8/2026,7.53
4/9/2026,7.89
4/10/2026,7.94
4/11/2026,7.92
4/12/2026,7.82
4/13/2026,7.78
4/14/2026,8.41
4/15/2026,8.24
4/16/2026,8.14
4/17/2026,7.98
